Date,Data
2025-03-26,2.369
2025-03-25,2.365
2025-03-24,2.367
2025-03-21,2.386
2025-03-20,2.387
2025-03-19,2.411
2025-03-18,2.426
2025-03-17,2.456
2025-03-14,2.478
2025-03-13,2.501
2025-03-12,2.527
2025-03-11,2.553
2025-03-10,2.547
2025-03-07,2.529
2025-03-06,2.511
2025-03-05,2.504
2025-03-04,2.491
2025-03-03,2.464
2025-02-28,2.464
2025-02-27,2.485
2025-02-26,2.499
2025-02-25,2.53
2025-02-24,2.521
2025-02-21,2.521
2025-02-20,2.534
2025-02-19,2.529
2025-02-18,2.516
2025-02-17,2.51
2025-02-14,2.522
2025-02-13,2.556
2025-02-12,2.553
2025-02-11,2.539
2025-02-10,2.526
2025-02-07,2.527
2025-02-06,2.535
2025-02-05,2.529
2025-02-04,2.541
2025-02-03,2.562
2025-01-31,2.589
2025-01-30,2.606
2025-01-29,2.612
2025-01-28,2.615
2025-01-27,2.641
2025-01-24,2.641
2025-01-23,2.673
2025-01-22,2.671
2025-01-21,2.681
2025-01-20,2.677
2025-01-17,2.704
2025-01-16,2.744
2025-01-15,2.748
2025-01-14,2.761
2025-01-13,2.785
2025-01-10,2.766
2025-01-09,2.789
2025-01-08,2.782
2025-01-07,2.785
2025-01-06,2.757
2025-01-03,2.731
2025-01-02,2.736
2024-12-31,2.714
2024-12-30,2.678
2024-12-27,2.683
2024-12-24,2.715
2024-12-23,2.731
2024-12-20,2.772
2024-12-19,2.839
2024-12-18,2.852
2024-12-17,2.865
2024-12-16,2.863
2024-12-13,2.843
2024-12-12,2.886
2024-12-11,2.888
2024-12-10,2.872
2024-12-09,2.862
2024-12-06,2.868
2024-12-05,2.881
2024-12-04,2.877
2024-12-03,2.879
2024-12-02,2.924
2024-11-29,2.934
2024-11-28,2.939
2024-11-27,2.912
2024-11-26,2.898
2024-11-25,2.985
2024-11-22,3.022
2024-11-21,3.005
2024-11-20,3.0
2024-11-19,3.013
2024-11-18,3.004
2024-11-15,2.998
2024-11-14,3.005
2024-11-13,3.023
2024-11-12,3.034
2024-11-11,3.04
2024-11-08,3.032
2024-11-07,3.032
2024-11-06,3.049
2024-11-05,3.057
2024-11-04,3.075
2024-11-01,3.085
2024-10-31,3.062
2024-10-30,3.056
2024-10-29,3.056
2024-10-28,3.052
2024-10-25,3.059
2024-10-24,3.072
2024-10-23,3.086
2024-10-22,3.098
2024-10-21,3.138
2024-10-18,3.201
2024-10-17,3.219
2024-10-16,3.208
2024-10-15,3.215
2024-10-14,3.205
2024-10-11,3.179
2024-10-10,3.184
2024-10-09,3.223
2024-10-08,3.265
2024-10-07,3.268
2024-10-04,3.25
2024-10-03,3.238
2024-10-02,3.246
2024-10-01,3.252
2024-09-30,3.279
2024-09-27,3.326
2024-09-26,3.345
2024-09-25,3.352
2024-09-24,3.402
2024-09-23,3.431
2024-09-20,3.436
2024-09-19,3.455
2024-09-18,3.458
2024-09-17,3.48
2024-09-16,3.488
2024-09-13,3.472
2024-09-12,3.481
2024-09-11,3.467
2024-09-10,3.46
2024-09-09,3.462
2024-09-06,3.468
2024-09-05,3.47
2024-09-04,3.449
2024-09-03,3.458
2024-09-02,3.469
2024-08-30,3.49
2024-08-29,3.505
2024-08-28,3.505
2024-08-27,3.515
2024-08-26,3.523
2024-08-23,3.525
2024-08-22,3.541
2024-08-21,3.542
2024-08-20,3.538
2024-08-19,3.551
2024-08-16,3.56
2024-08-15,3.549
2024-08-14,3.542
2024-08-13,3.542
2024-08-12,3.548
2024-08-09,3.557
2024-08-08,3.577
2024-08-07,3.569
2024-08-06,3.523
2024-08-05,3.584
2024-08-02,3.623
2024-08-01,3.638
2024-07-31,3.647
2024-07-30,3.631
2024-07-29,3.636
2024-07-26,3.655
2024-07-25,3.686
2024-07-24,3.698
2024-07-23,3.685
2024-07-22,3.705
2024-07-19,3.698
2024-07-18,3.688
2024-07-17,3.678
2024-07-16,3.674
2024-07-15,3.662
2024-07-12,3.664
2024-07-11,3.685
2024-07-10,3.704
2024-07-09,3.708
2024-07-08,3.699
2024-07-05,3.712
2024-07-04,3.708
2024-07-03,3.705
2024-07-02,3.714
2024-07-01,3.709
2024-06-28,3.711
2024-06-27,3.695
2024-06-26,3.722
2024-06-25,3.698
2024-06-24,3.682
2024-06-21,3.686
2024-06-20,3.7
2024-06-19,3.712
2024-06-18,3.717
2024-06-17,3.711
2024-06-14,3.715
2024-06-13,3.719
2024-06-12,3.72
2024-06-11,3.739
2024-06-10,3.743
2024-06-07,3.759
2024-06-06,3.755
2024-06-05,3.752
2024-06-04,3.772
2024-06-03,3.782
2024-05-31,3.785
2024-05-30,3.788
2024-05-29,3.794
2024-05-28,3.785
2024-05-27,3.8
2024-05-24,3.808
2024-05-23,3.801
2024-05-22,3.819
2024-05-21,3.823
2024-05-20,3.822
2024-05-17,3.83
2024-05-16,3.826
2024-05-15,3.816
2024-05-14,3.824
2024-05-13,3.828
2024-05-10,3.818
2024-05-09,3.806
2024-05-08,3.814
2024-05-07,3.788
2024-05-06,3.824
2024-05-03,3.827
2024-05-02,3.853
2024-04-30,3.825
2024-04-29,3.835
2024-04-26,3.865
2024-04-25,3.864
2024-04-24,3.879
2024-04-23,3.882
2024-04-22,3.891
2024-04-19,3.892
2024-04-18,3.897
2024-04-17,3.895
2024-04-16,3.904
2024-04-15,3.888
2024-04-12,3.923
2024-04-11,3.906
2024-04-10,3.912
2024-04-09,3.916
2024-04-08,3.902
2024-04-05,3.885
2024-04-04,3.891
2024-04-03,3.857
2024-04-02,3.883
2024-03-28,3.892
2024-03-27,3.908
2024-03-26,3.902
2024-03-25,3.886
2024-03-22,3.903
2024-03-21,3.926
2024-03-20,3.922
2024-03-19,3.935
2024-03-18,3.928
2024-03-15,3.928
2024-03-14,3.928
2024-03-13,3.94
2024-03-12,3.929
2024-03-11,3.928
2024-03-08,3.94
2024-03-07,3.929
2024-03-06,3.942
2024-03-05,3.926
2024-03-04,3.932
2024-03-01,3.938
2024-02-29,3.937
2024-02-28,3.942
2024-02-27,3.952
2024-02-26,3.952
2024-02-23,3.933
2024-02-22,3.945
2024-02-21,3.946
2024-02-20,3.943
2024-02-19,3.932
2024-02-16,3.933
2024-02-15,3.915
2024-02-14,3.922
2024-02-13,3.901
2024-02-12,3.912
2024-02-09,3.891
2024-02-08,3.898
2024-02-07,3.895
2024-02-06,3.932
2024-02-05,3.922
2024-02-02,3.9
2024-02-01,3.884
2024-01-31,3.905
2024-01-30,3.897
2024-01-29,3.912
2024-01-26,3.887
2024-01-25,3.925
2024-01-24,3.929
2024-01-23,3.948
2024-01-22,3.945
2024-01-19,3.958
2024-01-18,3.97
2024-01-17,3.903
2024-01-16,3.894
2024-01-15,3.928
2024-01-12,3.932
2024-01-11,3.942
2024-01-10,3.936
2024-01-09,3.928
2024-01-08,3.925
2024-01-05,3.936
2024-01-04,3.922
2024-01-03,3.929
2024-01-02,3.905
2023-12-29,3.909
2023-12-28,3.893
2023-12-27,3.925
2023-12-22,3.931
2023-12-21,3.916
2023-12-20,3.916
2023-12-19,3.923
2023-12-18,3.938
2023-12-15,3.92
2023-12-14,3.932
2023-12-13,3.925
2023-12-12,3.928
2023-12-11,3.958
2023-12-08,3.95
2023-12-07,3.969
2023-12-06,3.95
2023-12-05,3.958
2023-12-04,3.962
2023-12-01,3.96
2023-11-30,3.964
2023-11-29,3.975
2023-11-28,3.955
2023-11-27,3.951
2023-11-24,3.935
2023-11-23,3.956
2023-11-22,3.962
2023-11-21,3.973
2023-11-20,3.962
2023-11-17,3.984
2023-11-16,4.002
2023-11-15,3.994
2023-11-14,3.997
2023-11-13,4.002
2023-11-10,3.992
2023-11-09,3.987
2023-11-08,3.973
2023-11-07,3.966
2023-11-06,3.963
2023-11-03,3.956
2023-11-02,3.974
2023-11-01,3.953
2023-10-31,3.972
2023-10-30,3.968
2023-10-27,3.948
2023-10-26,3.952
2023-10-25,3.938
2023-10-24,3.941
2023-10-23,3.956
2023-10-20,3.969
2023-10-19,4.002
2023-10-18,3.993
2023-10-17,3.972
2023-10-16,3.975
2023-10-13,3.985
2023-10-12,3.965
2023-10-11,3.952
2023-10-10,3.988
2023-10-09,3.98
2023-10-06,3.983
2023-10-05,3.972
2023-10-04,3.962
2023-10-03,3.964
2023-10-02,3.951
2023-09-29,3.952
2023-09-28,3.955
2023-09-27,3.972
2023-09-26,3.941
2023-09-25,3.977
2023-09-22,3.958
2023-09-21,3.955
2023-09-20,3.934
2023-09-19,3.934
2023-09-18,3.903
2023-09-15,3.878
2023-09-14,3.867
2023-09-13,3.845
2023-09-12,3.824
2023-09-11,3.822
2023-09-08,3.8
2023-09-07,3.799
2023-09-06,3.795
2023-09-05,3.802
2023-09-04,3.798
2023-09-01,3.77
2023-08-31,3.795
2023-08-30,3.803
2023-08-29,3.783
2023-08-28,3.771
2023-08-25,3.788
2023-08-24,3.784
2023-08-23,3.826
2023-08-22,3.808
2023-08-21,3.806
2023-08-18,3.816
2023-08-17,3.815
2023-08-16,3.798
2023-08-15,3.787
2023-08-14,3.799
2023-08-11,3.781
2023-08-10,3.788
2023-08-09,3.759
2023-08-08,3.765
2023-08-07,3.754
2023-08-04,3.743
2023-08-03,3.722
2023-08-02,3.733
2023-08-01,3.723
2023-07-31,3.715
2023-07-28,3.725
2023-07-27,3.714
2023-07-26,3.714
2023-07-25,3.705
2023-07-24,3.716
2023-07-21,3.721
2023-07-20,3.698
2023-07-19,3.646
2023-07-18,3.705
2023-07-17,3.685
2023-07-14,3.66
2023-07-13,3.663
2023-07-12,3.657
2023-07-11,3.672
2023-07-10,3.661
2023-07-07,3.64
2023-07-06,3.612
2023-07-05,3.589
2023-07-04,3.613
2023-07-03,3.597
2023-06-30,3.577
2023-06-29,3.587
2023-06-28,3.598
2023-06-27,3.554
2023-06-26,3.577
2023-06-23,3.61
2023-06-22,3.6
2023-06-21,3.568
2023-06-20,3.587
2023-06-19,3.551
2023-06-16,3.572
2023-06-15,3.547
2023-06-14,3.522
2023-06-13,3.526
2023-06-12,3.478
2023-06-09,3.469
2023-06-08,3.486
2023-06-07,3.459
2023-06-06,3.476
2023-06-05,3.493
2023-06-02,3.49
2023-06-01,3.462
2023-05-31,3.463
2023-05-30,3.474
2023-05-29,3.483
2023-05-26,3.462
2023-05-25,3.457
2023-05-24,3.415
2023-05-23,3.422
2023-05-22,3.412
2023-05-19,3.415
2023-05-18,3.383
2023-05-17,3.388
2023-05-16,3.382
2023-05-15,3.358
2023-05-12,3.348
2023-05-11,3.323
2023-05-10,3.301
2023-05-09,3.27
2023-05-08,3.312
2023-05-05,3.28
2023-05-04,3.281
2023-05-03,3.275
2023-05-02,3.274
2023-04-28,3.265
2023-04-27,3.25
2023-04-26,3.242
2023-04-25,3.268
2023-04-24,3.288
2023-04-21,3.261
2023-04-20,3.211
2023-04-19,3.205
2023-04-18,3.2
2023-04-17,3.219
2023-04-14,3.175
2023-04-13,3.177
2023-04-12,3.126
2023-04-11,3.108
2023-04-06,3.075
2023-04-05,3.055
2023-04-04,3.052
2023-04-03,3.053
2023-03-31,3.038
2023-03-30,3.052
2023-03-29,3.015
2023-03-28,2.99
2023-03-27,3.012
2023-03-24,3.025
2023-03-23,2.99
2023-03-22,3.002
2023-03-21,2.908
2023-03-20,2.892
2023-03-17,2.75
2023-03-16,2.646
2023-03-15,2.815
2023-03-14,2.753
2023-03-13,2.957
2023-03-10,2.978
2023-03-09,2.948
2023-03-08,2.944
2023-03-07,2.92
2023-03-06,2.875
2023-03-03,2.849
2023-03-02,2.801
2023-03-01,2.783
2023-02-28,2.744
2023-02-27,2.716
2023-02-24,2.698
2023-02-23,2.693
2023-02-22,2.683
2023-02-21,2.682
2023-02-20,2.654
2023-02-17,2.667
2023-02-16,2.703
2023-02-15,2.682
2023-02-14,2.66
2023-02-13,2.654
2023-02-10,2.621
2023-02-09,2.607
2023-02-08,2.608
2023-02-07,2.602
2023-02-06,2.565
2023-02-03,2.545
2023-02-02,2.54
2023-02-01,2.483
2023-01-31,2.512
2023-01-30,2.482
2023-01-27,2.492
2023-01-26,2.468
2023-01-25,2.458
2023-01-24,2.501
2023-01-23,2.449
2023-01-20,2.417
2023-01-19,2.393
2023-01-18,2.342
2023-01-17,2.335
2023-01-16,2.334
2023-01-13,2.328
2023-01-12,2.288
2023-01-11,2.298
2023-01-10,2.284
2023-01-09,2.27
2023-01-06,2.254
2023-01-05,2.178
2023-01-04,2.17
2023-01-03,2.172
2023-01-02,2.162
2022-12-30,2.132
2022-12-29,2.184
2022-12-28,2.202
2022-12-27,2.128
2022-12-23,2.141
2022-12-22,2.125
2022-12-21,2.102
2022-12-20,2.081
2022-12-19,2.063
2022-12-16,2.047
2022-12-15,2.062
2022-12-14,2.081
2022-12-13,2.046
2022-12-12,2.052
2022-12-09,2.005
2022-12-08,1.99
2022-12-07,1.977
2022-12-06,1.993
2022-12-05,1.975
2022-12-02,1.975
2022-12-01,1.972
2022-11-30,1.973
2022-11-29,1.984
2022-11-28,1.954
2022-11-25,1.922
2022-11-24,1.908
2022-11-23,1.898
2022-11-22,1.863
2022-11-21,1.817
2022-11-18,1.821
2022-11-17,1.802
2022-11-16,1.803
2022-11-15,1.795
2022-11-14,1.791
2022-11-11,1.762
2022-11-10,1.798
2022-11-09,1.802
2022-11-08,1.791
2022-11-07,1.742
2022-11-04,1.734
2022-11-03,1.732
2022-11-02,1.726
2022-11-01,1.737
2022-10-31,1.704
2022-10-28,1.641
2022-10-27,1.605
2022-10-26,1.578
2022-10-25,1.577
2022-10-24,1.558
2022-10-21,1.543
2022-10-20,1.502
2022-10-19,1.462
2022-10-18,1.456
2022-10-17,1.458
2022-10-14,1.403
2022-10-13,1.378
2022-10-12,1.363
2022-10-11,1.34
2022-10-10,1.319
2022-10-07,1.288
2022-10-06,1.248
2022-10-05,1.2
2022-10-04,1.173
2022-10-03,1.185
2022-09-30,1.173
2022-09-29,1.16
2022-09-28,1.193
2022-09-27,1.228
2022-09-26,1.168
2022-09-23,1.153
2022-09-22,1.12
2022-09-21,1.118
2022-09-20,1.1
2022-09-19,1.066
2022-09-16,1.063
2022-09-15,1.03
2022-09-14,1.013
2022-09-13,1.0
2022-09-12,0.988
2022-09-09,0.934
2022-09-08,0.836
2022-09-07,0.822
2022-09-06,0.816
2022-09-05,0.783
2022-09-02,0.763
2022-09-01,0.712
2022-08-31,0.654
2022-08-30,0.62
2022-08-29,0.582
2022-08-26,0.542
2022-08-25,0.518
2022-08-24,0.493
2022-08-23,0.468
2022-08-22,0.453
2022-08-19,0.43
2022-08-18,0.391
2022-08-17,0.351
2022-08-16,0.333
2022-08-15,0.339
2022-08-12,0.333
2022-08-11,0.321
2022-08-10,0.325
2022-08-09,0.321
2022-08-08,0.301
2022-08-05,0.277
2022-08-04,0.269
2022-08-03,0.252
2022-08-02,0.26
2022-08-01,0.246
2022-07-29,0.232
2022-07-28,0.267
2022-07-27,0.238
2022-07-26,0.212
2022-07-25,0.233
2022-07-22,0.2
2022-07-21,0.145
2022-07-20,0.125
2022-07-19,0.042
2022-07-18,0.047
2022-07-15,0.072
2022-07-14,0.002
2022-07-13,-0.052
2022-07-12,-0.058
2022-07-11,-0.07
2022-07-08,-0.087
2022-07-07,-0.141
2022-07-06,-0.152
2022-07-05,-0.145
2022-07-04,-0.165
2022-07-01,-0.176
2022-06-30,-0.195
2022-06-29,-0.191
2022-06-28,-0.211
2022-06-27,-0.218
2022-06-24,-0.218
2022-06-23,-0.186
2022-06-22,-0.172
2022-06-21,-0.163
2022-06-20,-0.178
2022-06-17,-0.169
2022-06-16,-0.172
2022-06-15,-0.182
2022-06-14,-0.243
2022-06-13,-0.281
2022-06-10,-0.298
2022-06-09,-0.282
2022-06-08,-0.302
2022-06-07,-0.298
2022-06-06,-0.314
2022-06-03,-0.328
2022-06-02,-0.327
2022-06-01,-0.335
2022-05-31,-0.338
2022-05-30,-0.354
2022-05-27,-0.368
2022-05-26,-0.352
2022-05-25,-0.351
2022-05-24,-0.356
2022-05-23,-0.363
2022-05-20,-0.348
2022-05-19,-0.348
2022-05-18,-0.368
2022-05-17,-0.38
2022-05-16,-0.403
2022-05-13,-0.403
2022-05-12,-0.406
2022-05-11,-0.414
2022-05-10,-0.417
2022-05-09,-0.402
2022-05-06,-0.426
2022-05-05,-0.421
2022-05-04,-0.427
2022-05-03,-0.425
2022-05-02,-0.416
2022-04-29,-0.429
2022-04-28,-0.438
2022-04-27,-0.445
2022-04-26,-0.43
2022-04-25,-0.415
2022-04-22,-0.427
2022-04-21,-0.463
2022-04-20,-0.475
2022-04-19,-0.468
2022-04-14,-0.452
2022-04-13,-0.448
2022-04-12,-0.433
2022-04-11,-0.435
2022-04-08,-0.449
2022-04-07,-0.465
2022-04-06,-0.463
2022-04-05,-0.467
2022-04-04,-0.447
2022-04-01,-0.461
2022-03-31,-0.458
2022-03-30,-0.464
2022-03-29,-0.473
2022-03-28,-0.477
2022-03-25,-0.477
2022-03-24,-0.483
2022-03-23,-0.493
2022-03-22,-0.499
2022-03-21,-0.494
2022-03-18,-0.487
2022-03-17,-0.493
2022-03-16,-0.488
2022-03-15,-0.502
2022-03-14,-0.5
2022-03-11,-0.502
2022-03-10,-0.505
2022-03-09,-0.491
2022-03-08,-0.499
2022-03-07,-0.498
2022-03-04,-0.52
2022-03-03,-0.526
2022-03-02,-0.532
2022-03-01,-0.534
2022-02-28,-0.533
2022-02-25,-0.528
2022-02-24,-0.53
2022-02-23,-0.529
2022-02-22,-0.528
2022-02-21,-0.527
2022-02-18,-0.528
2022-02-17,-0.529
2022-02-16,-0.524
2022-02-15,-0.523
2022-02-14,-0.516
2022-02-11,-0.523
2022-02-10,-0.528
2022-02-09,-0.523
2022-02-08,-0.538
2022-02-07,-0.53
2022-02-04,-0.548
2022-02-03,-0.551
2022-02-02,-0.547
2022-02-01,-0.547
2022-01-31,-0.552
2022-01-28,-0.55
2022-01-27,-0.547
2022-01-26,-0.554
2022-01-25,-0.548
2022-01-24,-0.543
2022-01-21,-0.552
2022-01-20,-0.553
2022-01-19,-0.557
2022-01-18,-0.558
2022-01-17,-0.56
2022-01-14,-0.568
2022-01-13,-0.563
2022-01-12,-0.563
2022-01-11,-0.564
2022-01-10,-0.57
2022-01-07,-0.576
2022-01-06,-0.574
2022-01-05,-0.576
2022-01-04,-0.565
2022-01-03,-0.57
2021-12-31,-0.572
2021-12-30,-0.573
2021-12-29,-0.571
2021-12-28,-0.583
2021-12-27,-0.59
2021-12-24,-0.587
2021-12-23,-0.588
2021-12-22,-0.591
2021-12-21,-0.588
2021-12-20,-0.588
2021-12-17,-0.581
2021-12-16,-0.589
2021-12-15,-0.602
2021-12-14,-0.605
2021-12-13,-0.603
2021-12-10,-0.588
2021-12-09,-0.585
2021-12-08,-0.574
2021-12-07,-0.565
2021-12-06,-0.562
2021-12-03,-0.563
2021-12-02,-0.565
2021-12-01,-0.572
2021-11-30,-0.573
2021-11-29,-0.57
2021-11-26,-0.572
2021-11-25,-0.575
2021-11-24,-0.583
2021-11-23,-0.572
2021-11-22,-0.564
2021-11-19,-0.559
2021-11-18,-0.564
2021-11-17,-0.567
2021-11-16,-0.558
2021-11-15,-0.561
2021-11-12,-0.562
2021-11-11,-0.563
2021-11-10,-0.569
2021-11-09,-0.565
2021-11-08,-0.572
2021-11-05,-0.567
2021-11-04,-0.568
2021-11-03,-0.573
2021-11-02,-0.567
2021-11-01,-0.558
2021-10-29,-0.553
2021-10-28,-0.557
2021-10-27,-0.556
2021-10-26,-0.55
2021-10-25,-0.548
2021-10-22,-0.549
2021-10-21,-0.548
2021-10-20,-0.547
2021-10-19,-0.548
2021-10-18,-0.548
2021-10-15,-0.548
2021-10-14,-0.551
2021-10-13,-0.548
2021-10-12,-0.552
2021-10-11,-0.551
2021-10-08,-0.548
2021-10-07,-0.547
2021-10-06,-0.551
2021-10-05,-0.551
2021-10-04,-0.548
2021-10-01,-0.547
2021-09-30,-0.545
2021-09-29,-0.543
2021-09-28,-0.543
2021-09-27,-0.542
2021-09-24,-0.543
2021-09-23,-0.543
2021-09-22,-0.544
2021-09-21,-0.546
2021-09-20,-0.545
2021-09-17,-0.548
2021-09-16,-0.545
2021-09-15,-0.543
2021-09-14,-0.548
2021-09-13,-0.544
2021-09-10,-0.544
2021-09-09,-0.543
2021-09-08,-0.541
2021-09-07,-0.543
2021-09-06,-0.549
2021-09-03,-0.548
2021-09-02,-0.551
2021-09-01,-0.55
2021-08-31,-0.548
2021-08-30,-0.549
2021-08-27,-0.55
2021-08-26,-0.55
2021-08-25,-0.55
2021-08-24,-0.549
2021-08-23,-0.549
2021-08-20,-0.548
2021-08-19,-0.55
2021-08-18,-0.548
2021-08-17,-0.55
2021-08-16,-0.55
2021-08-13,-0.552
2021-08-12,-0.553
2021-08-11,-0.549
2021-08-10,-0.547
2021-08-09,-0.543
2021-08-06,-0.541
2021-08-05,-0.54
2021-08-04,-0.543
2021-08-03,-0.545
2021-08-02,-0.543
2021-07-30,-0.544
2021-07-29,-0.544
2021-07-28,-0.547
2021-07-27,-0.543
2021-07-26,-0.544
2021-07-23,-0.544
2021-07-22,-0.549
2021-07-21,-0.546
2021-07-20,-0.543
2021-07-19,-0.548
2021-07-16,-0.548
2021-07-15,-0.548
2021-07-14,-0.546
2021-07-13,-0.546
2021-07-12,-0.543
2021-07-09,-0.543
2021-07-08,-0.546
2021-07-07,-0.547
2021-07-06,-0.539
2021-07-05,-0.542
2021-07-02,-0.546
2021-07-01,-0.54
2021-06-30,-0.542
2021-06-29,-0.541
2021-06-28,-0.543
2021-06-25,-0.538
2021-06-24,-0.538
2021-06-23,-0.538
2021-06-22,-0.54
2021-06-21,-0.542
2021-06-18,-0.544
2021-06-17,-0.543
2021-06-16,-0.547
2021-06-15,-0.542
2021-06-14,-0.546
2021-06-11,-0.548
2021-06-10,-0.545
2021-06-09,-0.542
2021-06-08,-0.543
2021-06-07,-0.546
2021-06-04,-0.546
2021-06-03,-0.542
2021-06-02,-0.543
2021-06-01,-0.545
2021-05-31,-0.544
2021-05-28,-0.543
2021-05-27,-0.54
2021-05-26,-0.537
2021-05-25,-0.538
2021-05-24,-0.542
2021-05-21,-0.543
2021-05-20,-0.545
2021-05-19,-0.552
2021-05-18,-0.553
2021-05-17,-0.548
2021-05-14,-0.549
2021-05-13,-0.541
2021-05-12,-0.539
2021-05-11,-0.533
2021-05-10,-0.533
2021-05-07,-0.529
2021-05-06,-0.532
2021-05-05,-0.531
2021-05-04,-0.535
2021-05-03,-0.535
2021-04-30,-0.535
2021-04-29,-0.536
2021-04-28,-0.534
2021-04-27,-0.535
2021-04-26,-0.538
2021-04-23,-0.539
2021-04-22,-0.539
2021-04-21,-0.535
2021-04-20,-0.538
2021-04-19,-0.537
2021-04-16,-0.538
2021-04-15,-0.537
2021-04-14,-0.538
2021-04-13,-0.538
2021-04-12,-0.538
2021-04-09,-0.544
2021-04-08,-0.545
2021-04-07,-0.543
2021-04-06,-0.538
2021-04-01,-0.538
2021-03-31,-0.538
2021-03-30,-0.54
2021-03-29,-0.536
2021-03-26,-0.537
2021-03-25,-0.538
2021-03-24,-0.535
2021-03-23,-0.537
2021-03-22,-0.538
2021-03-19,-0.539
2021-03-18,-0.54
2021-03-17,-0.543
2021-03-16,-0.542
2021-03-15,-0.538
2021-03-12,-0.539
2021-03-11,-0.542
2021-03-10,-0.543
2021-03-09,-0.54
2021-03-08,-0.537
2021-03-05,-0.537
2021-03-04,-0.541
2021-03-03,-0.546
2021-03-02,-0.54
2021-03-01,-0.533
2021-02-26,-0.53
2021-02-25,-0.538
2021-02-24,-0.539
2021-02-23,-0.54
2021-02-22,-0.543
2021-02-19,-0.543
2021-02-18,-0.543
2021-02-17,-0.545
2021-02-16,-0.543
2021-02-15,-0.547
2021-02-12,-0.547
2021-02-11,-0.541
2021-02-10,-0.541
2021-02-09,-0.54
2021-02-08,-0.536
2021-02-05,-0.535
2021-02-04,-0.543
2021-02-03,-0.545
2021-02-02,-0.54
2021-02-01,-0.543
2021-01-29,-0.548
2021-01-28,-0.544
2021-01-27,-0.543
2021-01-26,-0.539
2021-01-25,-0.543
2021-01-22,-0.54
2021-01-21,-0.543
2021-01-20,-0.543
2021-01-19,-0.548
2021-01-18,-0.553
2021-01-15,-0.552
2021-01-14,-0.55
2021-01-13,-0.545
2021-01-12,-0.549
2021-01-11,-0.545
2021-01-08,-0.55
2021-01-07,-0.554
2021-01-06,-0.556
2021-01-05,-0.552
2021-01-04,-0.546
2020-12-31,-0.545
2020-12-30,-0.541
2020-12-29,-0.538
2020-12-28,-0.542
2020-12-24,-0.542
2020-12-23,-0.541
2020-12-22,-0.539
2020-12-21,-0.532
2020-12-18,-0.537
2020-12-17,-0.541
2020-12-16,-0.54
2020-12-15,-0.544
2020-12-14,-0.543
2020-12-11,-0.543
2020-12-10,-0.546
2020-12-09,-0.545
2020-12-08,-0.536
2020-12-07,-0.534
2020-12-04,-0.532
2020-12-03,-0.527
2020-12-02,-0.524
2020-12-01,-0.526
2020-11-30,-0.526
2020-11-27,-0.528
2020-11-26,-0.528
2020-11-25,-0.526
2020-11-24,-0.523
2020-11-23,-0.523
2020-11-20,-0.528
2020-11-19,-0.527
2020-11-18,-0.527
2020-11-17,-0.522
2020-11-16,-0.522
2020-11-13,-0.514
2020-11-12,-0.513
2020-11-11,-0.518
2020-11-10,-0.51
2020-11-09,-0.516
2020-11-06,-0.513
2020-11-05,-0.517
2020-11-04,-0.517
2020-11-03,-0.52
2020-11-02,-0.52
2020-10-30,-0.523
2020-10-29,-0.515
2020-10-28,-0.512
2020-10-27,-0.51
2020-10-26,-0.509
2020-10-23,-0.512
2020-10-22,-0.511
2020-10-21,-0.507
2020-10-20,-0.507
2020-10-19,-0.509
2020-10-16,-0.509
2020-10-15,-0.507
2020-10-14,-0.511
2020-10-13,-0.508
2020-10-12,-0.511
2020-10-09,-0.509
2020-10-08,-0.506
2020-10-07,-0.508
2020-10-06,-0.505
2020-10-05,-0.509
2020-10-02,-0.505
2020-10-01,-0.498
2020-09-30,-0.498
2020-09-29,-0.494
2020-09-28,-0.493
2020-09-25,-0.498
2020-09-24,-0.493
2020-09-23,-0.498
2020-09-22,-0.508
2020-09-21,-0.508
2020-09-18,-0.504
2020-09-17,-0.501
2020-09-16,-0.487
2020-09-15,-0.485
2020-09-14,-0.484
2020-09-11,-0.484
2020-09-10,-0.488
2020-09-09,-0.493
2020-09-08,-0.488
2020-09-07,-0.487
2020-09-04,-0.483
2020-09-03,-0.48
2020-09-02,-0.478
2020-09-01,-0.478
2020-08-31,-0.477
2020-08-28,-0.477
2020-08-27,-0.477
2020-08-26,-0.476
2020-08-25,-0.481
2020-08-24,-0.488
2020-08-21,-0.487
2020-08-20,-0.491
2020-08-19,-0.488
2020-08-18,-0.483
2020-08-17,-0.48
2020-08-14,-0.482
2020-08-13,-0.481
2020-08-12,-0.486
2020-08-11,-0.482
2020-08-10,-0.478
2020-08-07,-0.478
2020-08-06,-0.474
2020-08-05,-0.467
2020-08-04,-0.472
2020-08-03,-0.469
2020-07-31,-0.463
2020-07-30,-0.461
2020-07-29,-0.458
2020-07-28,-0.454
2020-07-27,-0.457
2020-07-24,-0.448
2020-07-23,-0.453
2020-07-22,-0.454
2020-07-21,-0.452
2020-07-20,-0.443
2020-07-17,-0.443
2020-07-16,-0.449
2020-07-15,-0.443
2020-07-14,-0.433
2020-07-13,-0.435
2020-07-10,-0.44
2020-07-09,-0.438
2020-07-08,-0.433
2020-07-07,-0.436
2020-07-06,-0.441
2020-07-03,-0.435
2020-07-02,-0.429
2020-07-01,-0.417
2020-06-30,-0.422
2020-06-29,-0.413
2020-06-26,-0.403
2020-06-25,-0.402
2020-06-24,-0.398
2020-06-23,-0.409
2020-06-22,-0.4
2020-06-19,-0.407
2020-06-18,-0.389
2020-06-17,-0.396
2020-06-16,-0.372
2020-06-15,-0.355
2020-06-12,-0.366
2020-06-11,-0.358
2020-06-10,-0.351
2020-06-09,-0.364
2020-06-08,-0.365
2020-06-05,-0.353
2020-06-04,-0.352
2020-06-03,-0.342
2020-06-02,-0.33
2020-06-01,-0.325
2020-05-29,-0.307
2020-05-28,-0.29
2020-05-27,-0.28
2020-05-26,-0.274
2020-05-25,-0.275
2020-05-22,-0.279
2020-05-21,-0.282
2020-05-20,-0.28
2020-05-19,-0.259
2020-05-18,-0.276
2020-05-15,-0.266
2020-05-14,-0.262
2020-05-13,-0.253
2020-05-12,-0.245
2020-05-11,-0.258
2020-05-08,-0.246
2020-05-07,-0.258
2020-05-06,-0.266
2020-05-05,-0.297
2020-05-04,-0.286
2020-04-30,-0.273
2020-04-29,-0.261
2020-04-28,-0.232
2020-04-27,-0.223
2020-04-24,-0.192
2020-04-23,-0.161
2020-04-22,-0.19
2020-04-21,-0.233
2020-04-20,-0.246
2020-04-17,-0.243
2020-04-16,-0.224
2020-04-15,-0.25
2020-04-14,-0.248
2020-04-09,-0.22
2020-04-08,-0.254
2020-04-07,-0.293
2020-04-06,-0.318
2020-04-03,-0.341
2020-04-02,-0.336
2020-04-01,-0.343
2020-03-31,-0.363
2020-03-30,-0.353
2020-03-27,-0.353
2020-03-26,-0.349
2020-03-25,-0.369
2020-03-24,-0.373
2020-03-23,-0.369
2020-03-20,-0.371
2020-03-19,-0.393
2020-03-18,-0.408
2020-03-17,-0.408
2020-03-16,-0.41
2020-03-13,-0.428
2020-03-12,-0.489
2020-03-11,-0.473
2020-03-10,-0.482
2020-03-09,-0.468
2020-03-06,-0.473
2020-03-05,-0.469
2020-03-04,-0.468
2020-03-03,-0.463
2020-03-02,-0.434
2020-02-28,-0.424
2020-02-27,-0.425
2020-02-26,-0.423
2020-02-25,-0.417
2020-02-24,-0.414
2020-02-21,-0.415
2020-02-20,-0.41
2020-02-19,-0.402
2020-02-18,-0.403
2020-02-17,-0.413
2020-02-14,-0.413
2020-02-13,-0.411
2020-02-12,-0.413
2020-02-11,-0.409
2020-02-10,-0.397
2020-02-07,-0.4
2020-02-06,-0.399
2020-02-05,-0.4
2020-02-04,-0.396
2020-02-03,-0.393
2020-01-31,-0.393
2020-01-30,-0.398
2020-01-29,-0.399
2020-01-28,-0.401
2020-01-27,-0.398
2020-01-24,-0.386
2020-01-23,-0.386
2020-01-22,-0.39
2020-01-21,-0.392
2020-01-20,-0.392
2020-01-17,-0.391
2020-01-16,-0.393
2020-01-15,-0.393
2020-01-14,-0.391
2020-01-13,-0.389
2020-01-10,-0.395
2020-01-09,-0.393
2020-01-08,-0.39
2020-01-07,-0.387
2020-01-06,-0.385
2020-01-03,-0.384
2020-01-02,-0.379
2019-12-31,-0.383
2019-12-30,-0.388
2019-12-27,-0.39
2019-12-24,-0.398
2019-12-23,-0.399
2019-12-20,-0.388
2019-12-19,-0.398
2019-12-18,-0.403
2019-12-17,-0.4
2019-12-16,-0.396
2019-12-13,-0.4
2019-12-12,-0.395
2019-12-11,-0.393
2019-12-10,-0.393
2019-12-09,-0.392
2019-12-06,-0.393
2019-12-05,-0.395
2019-12-04,-0.393
2019-12-03,-0.397
2019-12-02,-0.4
2019-11-29,-0.401
2019-11-28,-0.397
2019-11-27,-0.4
2019-11-26,-0.399
2019-11-25,-0.404
2019-11-22,-0.403
2019-11-21,-0.408
2019-11-20,-0.406
2019-11-19,-0.408
2019-11-18,-0.403
2019-11-15,-0.404
2019-11-14,-0.399
2019-11-13,-0.402
2019-11-12,-0.398
2019-11-11,-0.394
2019-11-08,-0.395
2019-11-07,-0.4
2019-11-06,-0.406
2019-11-05,-0.403
2019-11-04,-0.398
2019-11-01,-0.399
2019-10-31,-0.394
2019-10-30,-0.401
2019-10-29,-0.405
2019-10-28,-0.409
2019-10-25,-0.413
2019-10-24,-0.404
2019-10-23,-0.402
2019-10-22,-0.404
2019-10-21,-0.408
2019-10-18,-0.407
2019-10-17,-0.41
2019-10-16,-0.41
2019-10-15,-0.418
2019-10-14,-0.416
2019-10-11,-0.418
2019-10-10,-0.418
2019-10-09,-0.418
2019-10-08,-0.417
2019-10-07,-0.423
2019-10-04,-0.423
2019-10-03,-0.425
2019-10-02,-0.425
2019-10-01,-0.428
2019-09-30,-0.418
2019-09-27,-0.412
2019-09-26,-0.413
2019-09-25,-0.41
2019-09-24,-0.403
2019-09-23,-0.4
2019-09-20,-0.393
2019-09-19,-0.396
2019-09-18,-0.396
2019-09-17,-0.398
2019-09-16,-0.394
2019-09-13,-0.4
2019-09-12,-0.433
2019-09-11,-0.43
2019-09-10,-0.435
2019-09-09,-0.433
2019-09-06,-0.437
2019-09-05,-0.441
2019-09-04,-0.443
2019-09-03,-0.448
2019-09-02,-0.436
2019-08-30,-0.433
2019-08-29,-0.428
2019-08-28,-0.422
2019-08-27,-0.418
2019-08-26,-0.418
2019-08-23,-0.412
2019-08-22,-0.418
2019-08-21,-0.423
2019-08-20,-0.421
2019-08-19,-0.422
2019-08-16,-0.42
2019-08-15,-0.404
2019-08-14,-0.406
2019-08-13,-0.402
2019-08-12,-0.4
2019-08-09,-0.404
2019-08-08,-0.398
2019-08-07,-0.39
2019-08-06,-0.389
2019-08-05,-0.384
2019-08-02,-0.38
2019-08-01,-0.377
2019-07-31,-0.375
2019-07-30,-0.374
2019-07-29,-0.367
2019-07-26,-0.368
2019-07-25,-0.378
2019-07-24,-0.376
2019-07-23,-0.373
2019-07-22,-0.374
2019-07-19,-0.375
2019-07-18,-0.37
2019-07-17,-0.369
2019-07-16,-0.367
2019-07-15,-0.363
2019-07-12,-0.363
2019-07-11,-0.364
2019-07-10,-0.358
2019-07-09,-0.358
2019-07-08,-0.356
2019-07-05,-0.36
2019-07-04,-0.354
2019-07-03,-0.353
2019-07-02,-0.351
2019-07-01,-0.346
2019-06-28,-0.345
2019-06-27,-0.344
2019-06-26,-0.343
2019-06-25,-0.345
2019-06-24,-0.343
2019-06-21,-0.344
2019-06-20,-0.338
2019-06-19,-0.336
2019-06-18,-0.322
2019-06-17,-0.32
2019-06-14,-0.318
2019-06-13,-0.318
2019-06-12,-0.318
2019-06-11,-0.319
2019-06-10,-0.318
2019-06-07,-0.319
2019-06-06,-0.323
2019-06-05,-0.32
2019-06-04,-0.322
2019-06-03,-0.323
2019-05-31,-0.322
2019-05-30,-0.32
2019-05-29,-0.317
2019-05-28,-0.315
2019-05-27,-0.311
2019-05-24,-0.311
2019-05-23,-0.31
2019-05-22,-0.311
2019-05-21,-0.313
2019-05-20,-0.314
2019-05-17,-0.313
2019-05-16,-0.312
2019-05-15,-0.311
2019-05-14,-0.311
2019-05-13,-0.311
2019-05-10,-0.309
2019-05-09,-0.308
2019-05-08,-0.308
2019-05-07,-0.308
2019-05-06,-0.308
2019-05-03,-0.309
2019-05-02,-0.309
2019-04-30,-0.31
2019-04-29,-0.311
2019-04-26,-0.31
2019-04-25,-0.312
2019-04-24,-0.312
2019-04-23,-0.311
2019-04-18,-0.311
2019-04-17,-0.311
2019-04-16,-0.31
2019-04-15,-0.31
2019-04-12,-0.31
2019-04-11,-0.31
2019-04-10,-0.31
2019-04-09,-0.31
2019-04-08,-0.31
2019-04-05,-0.31
2019-04-04,-0.31
2019-04-03,-0.31
2019-04-02,-0.311
2019-04-01,-0.31
2019-03-29,-0.311
2019-03-28,-0.311
2019-03-27,-0.309
2019-03-26,-0.309
2019-03-25,-0.31
2019-03-22,-0.309
2019-03-21,-0.309
2019-03-20,-0.309
2019-03-19,-0.31
2019-03-18,-0.31
2019-03-15,-0.309
2019-03-14,-0.309
2019-03-13,-0.31
2019-03-12,-0.309
2019-03-11,-0.308
2019-03-08,-0.308
2019-03-07,-0.308
2019-03-06,-0.308
2019-03-05,-0.308
2019-03-04,-0.309
2019-03-01,-0.31
2019-02-28,-0.309
2019-02-27,-0.31
2019-02-26,-0.31
2019-02-25,-0.309
2019-02-22,-0.31
2019-02-21,-0.31
2019-02-20,-0.308
2019-02-19,-0.308
2019-02-18,-0.308
2019-02-15,-0.308
2019-02-14,-0.308
2019-02-13,-0.308
2019-02-12,-0.308
2019-02-11,-0.308
2019-02-08,-0.308
2019-02-07,-0.308
2019-02-06,-0.308
2019-02-05,-0.308
2019-02-04,-0.307
2019-02-01,-0.308
2019-01-31,-0.308
2019-01-30,-0.308
2019-01-29,-0.306
2019-01-28,-0.307
2019-01-25,-0.307
2019-01-24,-0.306
2019-01-23,-0.308
2019-01-22,-0.308
2019-01-21,-0.308
2019-01-18,-0.308
2019-01-17,-0.308
2019-01-16,-0.308
2019-01-15,-0.308
2019-01-14,-0.308
2019-01-11,-0.308
2019-01-10,-0.308
2019-01-09,-0.308
2019-01-08,-0.308
2019-01-07,-0.31
2019-01-04,-0.309
2019-01-03,-0.309
2019-01-02,-0.31
2018-12-31,-0.309
2018-12-28,-0.31
2018-12-27,-0.309
2018-12-24,-0.309
2018-12-21,-0.31
2018-12-20,-0.31
2018-12-19,-0.309
2018-12-18,-0.311
2018-12-17,-0.311
2018-12-14,-0.311
2018-12-13,-0.311
2018-12-12,-0.312
2018-12-11,-0.312
2018-12-10,-0.314
2018-12-07,-0.315
2018-12-06,-0.315
2018-12-05,-0.316
2018-12-04,-0.316
2018-12-03,-0.316
2018-11-30,-0.316
2018-11-29,-0.316
2018-11-28,-0.316
2018-11-27,-0.316
2018-11-26,-0.316
2018-11-23,-0.316
2018-11-22,-0.316
2018-11-21,-0.316
2018-11-20,-0.316
2018-11-19,-0.316
2018-11-16,-0.316
2018-11-15,-0.316
2018-11-14,-0.316
2018-11-13,-0.316
2018-11-12,-0.316
2018-11-09,-0.316
2018-11-08,-0.316
2018-11-07,-0.317
2018-11-06,-0.317
2018-11-05,-0.318
2018-11-02,-0.318
2018-11-01,-0.318
2018-10-31,-0.318
2018-10-30,-0.318
2018-10-29,-0.318
2018-10-26,-0.318
2018-10-25,-0.317
2018-10-24,-0.317
2018-10-23,-0.317
2018-10-22,-0.317
2018-10-19,-0.317
2018-10-18,-0.317
2018-10-17,-0.318
2018-10-16,-0.318
2018-10-15,-0.318
2018-10-12,-0.318
2018-10-11,-0.318
2018-10-10,-0.318
2018-10-09,-0.318
2018-10-08,-0.318
2018-10-05,-0.318
2018-10-04,-0.318
2018-10-03,-0.318
2018-10-02,-0.318
2018-10-01,-0.317
2018-09-28,-0.318
2018-09-27,-0.318
2018-09-26,-0.319
2018-09-25,-0.319
2018-09-24,-0.319
2018-09-21,-0.319
2018-09-20,-0.319
2018-09-19,-0.318
2018-09-18,-0.319
2018-09-17,-0.319
2018-09-14,-0.319
2018-09-13,-0.319
2018-09-12,-0.319
2018-09-11,-0.319
2018-09-10,-0.319
2018-09-07,-0.319
2018-09-06,-0.319
2018-09-05,-0.319
2018-09-04,-0.319
2018-09-03,-0.319
2018-08-31,-0.319
2018-08-30,-0.319
2018-08-29,-0.319
2018-08-28,-0.319
2018-08-27,-0.319
2018-08-24,-0.319
2018-08-23,-0.319
2018-08-22,-0.319
2018-08-21,-0.319
2018-08-20,-0.319
2018-08-17,-0.319
2018-08-16,-0.319
2018-08-15,-0.319
2018-08-14,-0.319
2018-08-13,-0.319
2018-08-10,-0.319
2018-08-09,-0.319
2018-08-08,-0.319
2018-08-07,-0.319
2018-08-06,-0.319
2018-08-03,-0.319
2018-08-02,-0.319
2018-08-01,-0.319
2018-07-31,-0.319
2018-07-30,-0.319
2018-07-27,-0.32
2018-07-26,-0.32
2018-07-25,-0.321
2018-07-24,-0.321
2018-07-23,-0.321
2018-07-20,-0.321
2018-07-19,-0.321
2018-07-18,-0.321
2018-07-17,-0.321
2018-07-16,-0.321
2018-07-13,-0.321
2018-07-12,-0.321
2018-07-11,-0.321
2018-07-10,-0.321
2018-07-09,-0.321
2018-07-06,-0.321
2018-07-05,-0.321
2018-07-04,-0.321
2018-07-03,-0.321
2018-07-02,-0.321
2018-06-29,-0.321
2018-06-28,-0.324
2018-06-27,-0.324
2018-06-26,-0.323
2018-06-25,-0.324
2018-06-22,-0.323
2018-06-21,-0.323
2018-06-20,-0.323
2018-06-19,-0.323
2018-06-18,-0.323
2018-06-15,-0.321
2018-06-14,-0.321
2018-06-13,-0.321
2018-06-12,-0.321
2018-06-11,-0.321
2018-06-08,-0.321
2018-06-07,-0.321
2018-06-06,-0.321
2018-06-05,-0.322
2018-06-04,-0.321
2018-06-01,-0.321
2018-05-31,-0.321
2018-05-30,-0.321
2018-05-29,-0.321
2018-05-28,-0.322
2018-05-25,-0.323
2018-05-24,-0.324
2018-05-23,-0.323
2018-05-22,-0.324
2018-05-21,-0.325
2018-05-18,-0.326
2018-05-17,-0.326
2018-05-16,-0.326
2018-05-15,-0.326
2018-05-14,-0.326
2018-05-11,-0.327
2018-05-10,-0.326
2018-05-09,-0.327
2018-05-08,-0.328
2018-05-07,-0.328
2018-05-04,-0.328
2018-05-03,-0.328
2018-05-02,-0.329
2018-04-30,-0.329
2018-04-27,-0.329
2018-04-26,-0.328
2018-04-25,-0.328
2018-04-24,-0.328
2018-04-23,-0.328
2018-04-20,-0.328
2018-04-19,-0.328
2018-04-18,-0.328
2018-04-17,-0.328
2018-04-16,-0.329
2018-04-13,-0.329
2018-04-12,-0.329
2018-04-11,-0.329
2018-04-10,-0.329
2018-04-09,-0.329
2018-04-06,-0.329
2018-04-05,-0.328
2018-04-04,-0.328
2018-04-03,-0.328
2018-03-29,-0.328
2018-03-28,-0.329
2018-03-27,-0.329
2018-03-26,-0.329
2018-03-23,-0.329
2018-03-22,-0.329
2018-03-21,-0.329
2018-03-20,-0.329
2018-03-19,-0.329
2018-03-16,-0.328
2018-03-15,-0.328
2018-03-14,-0.327
2018-03-13,-0.327
2018-03-12,-0.327
2018-03-09,-0.327
2018-03-08,-0.327
2018-03-07,-0.327
2018-03-06,-0.327
2018-03-05,-0.327
2018-03-02,-0.327
2018-03-01,-0.327
2018-02-28,-0.327
2018-02-27,-0.328
2018-02-26,-0.328
2018-02-23,-0.328
2018-02-22,-0.328
2018-02-21,-0.329
2018-02-20,-0.329
2018-02-19,-0.329
2018-02-16,-0.328
2018-02-15,-0.328
2018-02-14,-0.328
2018-02-13,-0.329
2018-02-12,-0.329
2018-02-09,-0.329
2018-02-08,-0.329
2018-02-07,-0.329
2018-02-06,-0.329
2018-02-05,-0.329
2018-02-02,-0.329
2018-02-01,-0.328
2018-01-31,-0.328
2018-01-30,-0.328
2018-01-29,-0.328
2018-01-26,-0.328
2018-01-25,-0.327
2018-01-24,-0.328
2018-01-23,-0.328
2018-01-22,-0.328
2018-01-19,-0.328
2018-01-18,-0.328
2018-01-17,-0.328
2018-01-16,-0.329
2018-01-15,-0.329
2018-01-12,-0.329
2018-01-11,-0.329
2018-01-10,-0.329
2018-01-09,-0.329
2018-01-08,-0.329
2018-01-05,-0.329
2018-01-04,-0.329
2018-01-03,-0.329
2018-01-02,-0.329
2017-12-29,-0.329
2017-12-28,-0.329
2017-12-27,-0.329
2017-12-22,-0.329
2017-12-21,-0.329
2017-12-20,-0.329
2017-12-19,-0.329
2017-12-18,-0.329
2017-12-15,-0.329
2017-12-14,-0.331
2017-12-13,-0.329
2017-12-12,-0.327
2017-12-11,-0.327
2017-12-08,-0.326
2017-12-07,-0.325
2017-12-06,-0.326
2017-12-05,-0.326
2017-12-04,-0.326
2017-12-01,-0.326
2017-11-30,-0.329
2017-11-29,-0.329
2017-11-28,-0.329
2017-11-27,-0.329
2017-11-24,-0.329
2017-11-23,-0.329
2017-11-22,-0.329
2017-11-21,-0.329
2017-11-20,-0.329
2017-11-17,-0.329
2017-11-16,-0.329
2017-11-15,-0.329
2017-11-14,-0.329
2017-11-13,-0.329
2017-11-10,-0.329
2017-11-09,-0.329
2017-11-08,-0.329
2017-11-07,-0.329
2017-11-06,-0.329
2017-11-03,-0.329
2017-11-02,-0.329
2017-11-01,-0.329
2017-10-31,-0.331
2017-10-30,-0.331
2017-10-27,-0.331
2017-10-26,-0.331
2017-10-25,-0.331
2017-10-24,-0.33
2017-10-23,-0.329
2017-10-20,-0.329
2017-10-19,-0.329
2017-10-18,-0.329
2017-10-17,-0.329
2017-10-16,-0.329
2017-10-13,-0.329
2017-10-12,-0.329
2017-10-11,-0.329
2017-10-10,-0.329
2017-10-09,-0.329
2017-10-06,-0.329
2017-10-05,-0.329
2017-10-04,-0.329
2017-10-03,-0.33
2017-10-02,-0.329
2017-09-29,-0.329
2017-09-28,-0.329
2017-09-27,-0.329
2017-09-26,-0.329
2017-09-25,-0.329
2017-09-22,-0.329
2017-09-21,-0.33
2017-09-20,-0.329
2017-09-19,-0.33
2017-09-18,-0.329
2017-09-15,-0.329
2017-09-14,-0.329
2017-09-13,-0.329
2017-09-12,-0.33
2017-09-11,-0.331
2017-09-08,-0.331
2017-09-07,-0.33
2017-09-06,-0.329
2017-09-05,-0.329
2017-09-04,-0.329
2017-09-01,-0.329
2017-08-31,-0.329
2017-08-30,-0.33
2017-08-29,-0.33
2017-08-28,-0.329
2017-08-25,-0.329
2017-08-24,-0.329
2017-08-23,-0.329
2017-08-22,-0.328
2017-08-21,-0.329
2017-08-18,-0.329
2017-08-17,-0.329
2017-08-16,-0.329
2017-08-15,-0.329
2017-08-14,-0.329
2017-08-11,-0.329
2017-08-10,-0.329
2017-08-09,-0.328
2017-08-08,-0.328
2017-08-07,-0.328
2017-08-04,-0.329
2017-08-03,-0.329
2017-08-02,-0.331
2017-08-01,-0.331
2017-07-31,-0.33
2017-07-28,-0.329
2017-07-27,-0.329
2017-07-26,-0.33
2017-07-25,-0.329
2017-07-24,-0.329
2017-07-21,-0.331
2017-07-20,-0.332
2017-07-19,-0.332
2017-07-18,-0.331
2017-07-17,-0.33
2017-07-14,-0.331
2017-07-13,-0.331
2017-07-12,-0.331
2017-07-11,-0.331
2017-07-10,-0.331
2017-07-07,-0.331
2017-07-06,-0.33
2017-07-05,-0.331
2017-07-04,-0.329
2017-07-03,-0.331
2017-06-30,-0.331
2017-06-29,-0.331
2017-06-28,-0.331
2017-06-27,-0.331
2017-06-26,-0.331
2017-06-23,-0.331
2017-06-22,-0.33
2017-06-21,-0.329
2017-06-20,-0.329
2017-06-19,-0.329
2017-06-16,-0.329
2017-06-15,-0.329
2017-06-14,-0.331
2017-06-13,-0.331
2017-06-12,-0.331
2017-06-09,-0.331
2017-06-08,-0.33
2017-06-07,-0.329
2017-06-06,-0.329
2017-06-05,-0.329
2017-06-02,-0.329
2017-06-01,-0.329
2017-05-31,-0.329
2017-05-30,-0.329
2017-05-29,-0.329
2017-05-26,-0.329
2017-05-25,-0.329
2017-05-24,-0.329
2017-05-23,-0.33
2017-05-22,-0.329
2017-05-19,-0.331
2017-05-18,-0.331
2017-05-17,-0.331
2017-05-16,-0.331
2017-05-15,-0.33
2017-05-12,-0.329
2017-05-11,-0.329
2017-05-10,-0.329
2017-05-09,-0.329
2017-05-08,-0.329
2017-05-05,-0.329
2017-05-04,-0.329
2017-05-03,-0.329
2017-05-02,-0.329
2017-04-28,-0.329
2017-04-27,-0.329
2017-04-26,-0.329
2017-04-25,-0.329
2017-04-24,-0.329
2017-04-21,-0.331
2017-04-20,-0.332
2017-04-19,-0.332
2017-04-18,-0.331
2017-04-13,-0.331
2017-04-12,-0.332
2017-04-11,-0.332
2017-04-10,-0.332
2017-04-07,-0.33
2017-04-06,-0.33
2017-04-05,-0.329
2017-04-04,-0.33
2017-04-03,-0.33
2017-03-31,-0.329
2017-03-30,-0.33
2017-03-29,-0.33
2017-03-28,-0.33
2017-03-27,-0.33
2017-03-24,-0.33
2017-03-23,-0.33
2017-03-22,-0.33
2017-03-21,-0.329
2017-03-20,-0.329
2017-03-17,-0.329
2017-03-16,-0.329
2017-03-15,-0.329
2017-03-14,-0.33
2017-03-13,-0.33
2017-03-10,-0.329
2017-03-09,-0.329
2017-03-08,-0.329
2017-03-07,-0.328
2017-03-06,-0.329
2017-03-03,-0.329
2017-03-02,-0.329
2017-03-01,-0.329
2017-02-28,-0.33
2017-02-27,-0.329
2017-02-24,-0.329
2017-02-23,-0.329
2017-02-22,-0.33
2017-02-21,-0.329
2017-02-20,-0.329
2017-02-17,-0.329
2017-02-16,-0.328
2017-02-15,-0.328
2017-02-14,-0.328
2017-02-13,-0.329
2017-02-10,-0.329
2017-02-09,-0.328
2017-02-08,-0.328
2017-02-07,-0.328
2017-02-06,-0.328
2017-02-03,-0.328
2017-02-02,-0.328
2017-02-01,-0.328
2017-01-31,-0.327
2017-01-30,-0.328
2017-01-27,-0.328
2017-01-26,-0.328
2017-01-25,-0.328
2017-01-24,-0.328
2017-01-23,-0.327
2017-01-20,-0.328
2017-01-19,-0.329
2017-01-18,-0.329
2017-01-17,-0.329
2017-01-16,-0.328
2017-01-13,-0.327
2017-01-12,-0.327
2017-01-11,-0.326
2017-01-10,-0.324
2017-01-09,-0.322
2017-01-06,-0.321
2017-01-05,-0.321
2017-01-04,-0.32
2017-01-03,-0.319
2017-01-02,-0.318
2016-12-30,-0.319
2016-12-29,-0.319
2016-12-28,-0.319
2016-12-27,-0.318
2016-12-23,-0.317
2016-12-22,-0.316
2016-12-21,-0.315
2016-12-20,-0.313
2016-12-19,-0.313
2016-12-16,-0.314
2016-12-15,-0.316
2016-12-14,-0.316
2016-12-13,-0.316
2016-12-12,-0.316
2016-12-09,-0.316
2016-12-08,-0.318
2016-12-07,-0.316
2016-12-06,-0.315
2016-12-05,-0.313
2016-12-02,-0.313
2016-12-01,-0.313
2016-11-30,-0.314
2016-11-29,-0.314
2016-11-28,-0.314
2016-11-25,-0.314
2016-11-24,-0.314
2016-11-23,-0.313
2016-11-22,-0.313
2016-11-21,-0.312
2016-11-18,-0.313
2016-11-17,-0.312
2016-11-16,-0.311
2016-11-15,-0.312
2016-11-14,-0.312
2016-11-11,-0.312
2016-11-10,-0.312
2016-11-09,-0.312
2016-11-08,-0.312
2016-11-07,-0.312
2016-11-04,-0.312
2016-11-03,-0.313
2016-11-02,-0.313
2016-11-01,-0.313
2016-10-31,-0.313
2016-10-28,-0.313
2016-10-27,-0.312
2016-10-26,-0.313
2016-10-25,-0.312
2016-10-24,-0.311
2016-10-21,-0.312
2016-10-20,-0.313
2016-10-19,-0.313
2016-10-18,-0.312
2016-10-17,-0.311
2016-10-14,-0.311
2016-10-13,-0.311
2016-10-12,-0.309
2016-10-11,-0.306
2016-10-10,-0.305
2016-10-07,-0.304
2016-10-06,-0.304
2016-10-05,-0.302
2016-10-04,-0.301
2016-10-03,-0.301
2016-09-30,-0.301
2016-09-29,-0.301
2016-09-28,-0.302
2016-09-27,-0.301
2016-09-26,-0.303
2016-09-23,-0.302
2016-09-22,-0.301
2016-09-21,-0.301
2016-09-20,-0.301
2016-09-19,-0.301
2016-09-16,-0.301
2016-09-15,-0.301
2016-09-14,-0.303
2016-09-13,-0.302
2016-09-12,-0.303
2016-09-09,-0.301
2016-09-08,-0.304
2016-09-07,-0.303
2016-09-06,-0.303
2016-09-05,-0.301
2016-09-02,-0.301
2016-09-01,-0.299
2016-08-31,-0.299
2016-08-30,-0.299
2016-08-29,-0.297
2016-08-26,-0.298
2016-08-25,-0.298
2016-08-24,-0.298
2016-08-23,-0.298
2016-08-22,-0.299
2016-08-19,-0.298
2016-08-18,-0.299
2016-08-17,-0.298
2016-08-16,-0.299
2016-08-15,-0.298
2016-08-12,-0.299
2016-08-11,-0.299
2016-08-10,-0.297
2016-08-09,-0.298
2016-08-08,-0.298
2016-08-05,-0.298
2016-08-04,-0.298
2016-08-03,-0.299
2016-08-02,-0.298
2016-08-01,-0.297
2016-07-29,-0.297
2016-07-28,-0.296
2016-07-27,-0.298
2016-07-26,-0.298
2016-07-25,-0.297
2016-07-22,-0.297
2016-07-21,-0.297
2016-07-20,-0.297
2016-07-19,-0.295
2016-07-18,-0.295
2016-07-15,-0.293
2016-07-14,-0.295
2016-07-13,-0.295
2016-07-12,-0.291
2016-07-11,-0.292
2016-07-08,-0.293
2016-07-07,-0.293
2016-07-06,-0.293
2016-07-05,-0.292
2016-07-04,-0.291
2016-07-01,-0.29
2016-06-30,-0.286
2016-06-29,-0.282
2016-06-28,-0.281
2016-06-27,-0.283
2016-06-24,-0.281
2016-06-23,-0.269
2016-06-22,-0.268
2016-06-21,-0.266
2016-06-20,-0.266
2016-06-17,-0.265
2016-06-16,-0.264
2016-06-15,-0.262
2016-06-14,-0.262
2016-06-13,-0.263
2016-06-10,-0.263
2016-06-09,-0.262
2016-06-08,-0.264
2016-06-07,-0.261
2016-06-06,-0.262
2016-06-03,-0.261
2016-06-02,-0.262
2016-06-01,-0.261
2016-05-31,-0.261
2016-05-30,-0.261
2016-05-27,-0.26
2016-05-26,-0.258
2016-05-25,-0.258
2016-05-24,-0.258
2016-05-23,-0.258
2016-05-20,-0.258
2016-05-19,-0.258
2016-05-18,-0.257
2016-05-17,-0.257
2016-05-16,-0.257
2016-05-13,-0.257
2016-05-12,-0.258
2016-05-11,-0.259
2016-05-10,-0.26
2016-05-09,-0.258
2016-05-06,-0.256
2016-05-05,-0.255
2016-05-04,-0.253
2016-05-03,-0.251
2016-05-02,-0.25
2016-04-29,-0.251
2016-04-28,-0.252
2016-04-27,-0.251
2016-04-26,-0.252
2016-04-25,-0.25
2016-04-22,-0.249
2016-04-21,-0.249
2016-04-20,-0.249
2016-04-19,-0.25
2016-04-18,-0.249
2016-04-15,-0.249
2016-04-14,-0.251
2016-04-13,-0.249
2016-04-12,-0.249
2016-04-11,-0.251
2016-04-08,-0.248
2016-04-07,-0.247
2016-04-06,-0.248
2016-04-05,-0.248
2016-04-04,-0.246
2016-04-01,-0.245
2016-03-31,-0.244
2016-03-30,-0.243
2016-03-29,-0.242
2016-03-24,-0.242
2016-03-23,-0.241
2016-03-22,-0.239
2016-03-21,-0.238
2016-03-18,-0.235
2016-03-17,-0.234
2016-03-16,-0.23
2016-03-15,-0.227
2016-03-14,-0.226
2016-03-11,-0.225
2016-03-10,-0.229
2016-03-09,-0.224
2016-03-08,-0.221
2016-03-07,-0.216
2016-03-04,-0.215
2016-03-03,-0.213
2016-03-02,-0.208
2016-03-01,-0.207
2016-02-29,-0.205
2016-02-26,-0.202
2016-02-25,-0.201
2016-02-24,-0.201
2016-02-23,-0.2
2016-02-22,-0.199
2016-02-19,-0.198
2016-02-18,-0.195
2016-02-17,-0.189
2016-02-16,-0.187
2016-02-15,-0.183
2016-02-12,-0.183
2016-02-11,-0.179
2016-02-10,-0.175
2016-02-09,-0.171
2016-02-08,-0.169
2016-02-05,-0.167
2016-02-04,-0.166
2016-02-03,-0.162
2016-02-02,-0.161
2016-02-01,-0.162
2016-01-29,-0.162
2016-01-28,-0.16
2016-01-27,-0.159
2016-01-26,-0.158
2016-01-25,-0.155
2016-01-22,-0.152
2016-01-21,-0.146
2016-01-20,-0.144
2016-01-19,-0.143
2016-01-18,-0.142
2016-01-15,-0.142
2016-01-14,-0.143
2016-01-13,-0.144
2016-01-12,-0.144
2016-01-11,-0.143
2016-01-08,-0.143
2016-01-07,-0.142
2016-01-06,-0.136
2016-01-05,-0.133
2016-01-04,-0.132
2015-12-31,-0.131
2015-12-30,-0.132
2015-12-29,-0.132
2015-12-28,-0.131
2015-12-24,-0.131
2015-12-23,-0.131
2015-12-22,-0.131
2015-12-21,-0.13
2015-12-18,-0.131
2015-12-17,-0.133
2015-12-16,-0.133
2015-12-15,-0.132
2015-12-14,-0.129
2015-12-11,-0.128
2015-12-10,-0.125
2015-12-09,-0.119
2015-12-08,-0.116
2015-12-07,-0.113
2015-12-04,-0.113
2015-12-03,-0.124
2015-12-02,-0.118
2015-12-01,-0.116
2015-11-30,-0.114
2015-11-27,-0.113
2015-11-26,-0.109
2015-11-25,-0.104
2015-11-24,-0.104
2015-11-23,-0.099
2015-11-20,-0.095
2015-11-19,-0.092
2015-11-18,-0.092
2015-11-17,-0.091
2015-11-16,-0.086
2015-11-13,-0.083
2015-11-12,-0.081
2015-11-11,-0.079
2015-11-10,-0.077
2015-11-09,-0.073
2015-11-06,-0.073
2015-11-05,-0.071
2015-11-04,-0.069
2015-11-03,-0.069
2015-11-02,-0.066
2015-10-30,-0.068
2015-10-29,-0.068
2015-10-28,-0.067
2015-10-27,-0.066
2015-10-26,-0.064
2015-10-23,-0.061
2015-10-22,-0.053
2015-10-21,-0.053
2015-10-20,-0.053
2015-10-19,-0.054
2015-10-16,-0.051
2015-10-15,-0.052
2015-10-14,-0.049
2015-10-13,-0.049
2015-10-12,-0.049
2015-10-09,-0.049
2015-10-08,-0.048
2015-10-07,-0.046
2015-10-06,-0.046
2015-10-05,-0.046
2015-10-02,-0.044
2015-10-01,-0.043
2015-09-30,-0.04
2015-09-29,-0.041
2015-09-28,-0.041
2015-09-25,-0.041
2015-09-24,-0.04
2015-09-23,-0.039
2015-09-22,-0.039
2015-09-21,-0.038
2015-09-18,-0.037
2015-09-17,-0.037
2015-09-16,-0.037
2015-09-15,-0.036
2015-09-14,-0.038
2015-09-11,-0.038
2015-09-10,-0.036
2015-09-09,-0.035
2015-09-08,-0.035
2015-09-07,-0.034
2015-09-04,-0.034
2015-09-03,-0.033
2015-09-02,-0.033
2015-09-01,-0.033
2015-08-31,-0.033
2015-08-28,-0.033
2015-08-27,-0.033
2015-08-26,-0.033
2015-08-25,-0.033
2015-08-24,-0.032
2015-08-21,-0.031
2015-08-20,-0.03
2015-08-19,-0.029
2015-08-18,-0.028
2015-08-17,-0.027
2015-08-14,-0.025
2015-08-13,-0.024
2015-08-12,-0.024
2015-08-11,-0.024
2015-08-10,-0.024
2015-08-07,-0.024
2015-08-06,-0.024
2015-08-05,-0.024
2015-08-04,-0.023
2015-08-03,-0.023
2015-07-31,-0.023
2015-07-30,-0.023
2015-07-29,-0.022
2015-07-28,-0.021
2015-07-27,-0.02
2015-07-24,-0.019
2015-07-23,-0.019
2015-07-22,-0.019
2015-07-21,-0.019
2015-07-20,-0.019
2015-07-17,-0.019
2015-07-16,-0.019
2015-07-15,-0.019
2015-07-14,-0.019
2015-07-13,-0.019
2015-07-10,-0.018
2015-07-09,-0.018
2015-07-08,-0.018
2015-07-07,-0.018
2015-07-06,-0.016
2015-07-03,-0.015
2015-07-02,-0.015
2015-07-01,-0.014
2015-06-30,-0.014
2015-06-29,-0.016
2015-06-26,-0.015
2015-06-25,-0.015
2015-06-24,-0.014
2015-06-23,-0.014
2015-06-22,-0.014
2015-06-19,-0.014
2015-06-18,-0.014
2015-06-17,-0.014
2015-06-16,-0.014
2015-06-15,-0.014
2015-06-12,-0.014
2015-06-11,-0.014
2015-06-10,-0.014
2015-06-09,-0.013
2015-06-08,-0.013
2015-06-05,-0.013
2015-06-04,-0.013
2015-06-03,-0.014
2015-06-02,-0.013
2015-06-01,-0.013
2015-05-29,-0.012
2015-05-28,-0.013
2015-05-27,-0.013
2015-05-26,-0.013
2015-05-25,-0.012
2015-05-22,-0.012
2015-05-21,-0.012
2015-05-20,-0.012
2015-05-19,-0.012
2015-05-18,-0.011
2015-05-15,-0.01
2015-05-14,-0.009
2015-05-13,-0.009
2015-05-12,-0.009
2015-05-11,-0.009
2015-05-08,-0.009
2015-05-07,-0.009
2015-05-06,-0.008
2015-05-05,-0.008
2015-05-04,-0.007
2015-04-30,-0.005
2015-04-29,-0.005
2015-04-28,-0.005
2015-04-27,-0.002
2015-04-24,-0.001
2015-04-23,-0.002
2015-04-22,-0.002
2015-04-21,-0.001
2015-04-20,0.001
2015-04-17,0.001
2015-04-16,0.002
2015-04-15,0.004
2015-04-14,0.008
2015-04-13,0.011
2015-04-10,0.012
2015-04-09,0.012
2015-04-08,0.014
2015-04-07,0.016
2015-04-02,0.018
2015-04-01,0.018
2015-03-31,0.019
2015-03-30,0.018
2015-03-27,0.021
2015-03-26,0.021
2015-03-25,0.021
2015-03-24,0.021
2015-03-23,0.022
2015-03-20,0.021
2015-03-19,0.024
2015-03-18,0.025
2015-03-17,0.025
2015-03-16,0.025
2015-03-13,0.025
2015-03-12,0.027
2015-03-11,0.029
2015-03-10,0.032
2015-03-09,0.035
2015-03-06,0.036
2015-03-05,0.036
2015-03-04,0.038
2015-03-03,0.038
2015-03-02,0.039
2015-02-27,0.039
2015-02-26,0.04
2015-02-25,0.042
2015-02-24,0.044
2015-02-23,0.045
2015-02-20,0.048
2015-02-19,0.048
2015-02-18,0.048
2015-02-17,0.047
2015-02-16,0.048
2015-02-13,0.048
2015-02-12,0.048
2015-02-11,0.049
2015-02-10,0.05
2015-02-09,0.051
2015-02-06,0.053
2015-02-05,0.051
2015-02-04,0.055
2015-02-03,0.055
2015-02-02,0.055
2015-01-30,0.054
2015-01-29,0.052
2015-01-28,0.053
2015-01-27,0.055
2015-01-26,0.054
2015-01-23,0.053
2015-01-22,0.055
2015-01-21,0.055
2015-01-20,0.055
2015-01-19,0.056
2015-01-16,0.06
2015-01-15,0.069
2015-01-14,0.069
2015-01-13,0.071
2015-01-12,0.071
2015-01-09,0.07
2015-01-08,0.07
2015-01-07,0.07
2015-01-06,0.073
2015-01-05,0.075
2015-01-02,0.076
2014-12-31,0.078
2014-12-30,0.078
2014-12-29,0.079
2014-12-24,0.08
2014-12-23,0.079
2014-12-22,0.081
2014-12-19,0.081
2014-12-18,0.079
2014-12-17,0.081
2014-12-16,0.082
2014-12-15,0.082
2014-12-12,0.082
2014-12-11,0.082
2014-12-10,0.083
2014-12-09,0.082
2014-12-08,0.082
2014-12-05,0.082
2014-12-04,0.082
2014-12-03,0.081
2014-12-02,0.081
2014-12-01,0.082
2014-11-28,0.082
2014-11-27,0.082
2014-11-26,0.082
2014-11-25,0.081
2014-11-24,0.081
2014-11-21,0.081
2014-11-20,0.081
2014-11-19,0.081
2014-11-18,0.081
2014-11-17,0.08
2014-11-14,0.079
2014-11-13,0.078
2014-11-12,0.079
2014-11-11,0.079
2014-11-10,0.08
2014-11-07,0.08
2014-11-06,0.081
2014-11-05,0.081
2014-11-04,0.084
2014-11-03,0.085
2014-10-31,0.086
2014-10-30,0.086
2014-10-29,0.088
2014-10-28,0.088
2014-10-27,0.088
2014-10-24,0.085
2014-10-23,0.085
2014-10-22,0.084
2014-10-21,0.082
2014-10-20,0.081
2014-10-17,0.081
2014-10-16,0.081
2014-10-15,0.081
2014-10-14,0.082
2014-10-13,0.082
2014-10-10,0.079
2014-10-09,0.079
2014-10-08,0.08
2014-10-07,0.079
2014-10-06,0.079
2014-10-03,0.081
2014-10-02,0.081
2014-10-01,0.082
2014-09-30,0.083
2014-09-29,0.083
2014-09-26,0.082
2014-09-25,0.082
2014-09-24,0.083
2014-09-23,0.082
2014-09-22,0.082
2014-09-19,0.083
2014-09-18,0.082
2014-09-17,0.082
2014-09-16,0.081
2014-09-15,0.081
2014-09-12,0.082
2014-09-11,0.084
2014-09-10,0.087
2014-09-09,0.089
2014-09-08,0.094
2014-09-05,0.104
2014-09-04,0.149
2014-09-03,0.15
2014-09-02,0.152
2014-09-01,0.159
2014-08-29,0.163
2014-08-28,0.167
2014-08-27,0.17
2014-08-26,0.171
2014-08-25,0.175
2014-08-22,0.183
2014-08-21,0.186
2014-08-20,0.187
2014-08-19,0.191
2014-08-18,0.196
2014-08-15,0.197
2014-08-14,0.198
2014-08-13,0.199
2014-08-12,0.201
2014-08-11,0.202
2014-08-08,0.203
2014-08-07,0.205
2014-08-06,0.206
2014-08-05,0.207
2014-08-04,0.208
2014-08-01,0.208
2014-07-31,0.209
2014-07-30,0.209
2014-07-29,0.209
2014-07-28,0.209
2014-07-25,0.209
2014-07-24,0.209
2014-07-23,0.208
2014-07-22,0.206
2014-07-21,0.204
2014-07-18,0.202
2014-07-17,0.201
2014-07-16,0.201
2014-07-15,0.202
2014-07-14,0.203
2014-07-11,0.203
2014-07-10,0.202
2014-07-09,0.203
2014-07-08,0.203
2014-07-07,0.203
2014-07-04,0.204
2014-07-03,0.206
2014-07-02,0.205
2014-07-01,0.206
2014-06-30,0.207
2014-06-27,0.207
2014-06-26,0.209
2014-06-25,0.208
2014-06-24,0.211
2014-06-23,0.211
2014-06-20,0.212
2014-06-19,0.212
2014-06-18,0.216
2014-06-17,0.217
2014-06-16,0.223
2014-06-13,0.234
2014-06-12,0.242
2014-06-11,0.258
2014-06-10,0.263
2014-06-09,0.264
2014-06-06,0.267
2014-06-05,0.292
2014-06-04,0.301
2014-06-03,0.307
2014-06-02,0.309
2014-05-30,0.311
2014-05-29,0.31
2014-05-28,0.314
2014-05-27,0.316
2014-05-26,0.317
2014-05-23,0.317
2014-05-22,0.318
2014-05-21,0.319
2014-05-20,0.318
2014-05-19,0.318
2014-05-16,0.318
2014-05-15,0.321
2014-05-14,0.328
2014-05-13,0.335
2014-05-12,0.335
2014-05-09,0.336
2014-05-08,0.338
2014-05-07,0.338
2014-05-06,0.337
2014-05-05,0.336
2014-05-02,0.336
2014-04-30,0.339
2014-04-29,0.347
2014-04-28,0.345
2014-04-25,0.344
2014-04-24,0.337
2014-04-23,0.332
2014-04-22,0.329
2014-04-17,0.328
2014-04-16,0.327
2014-04-15,0.327
2014-04-14,0.328
2014-04-11,0.328
2014-04-10,0.327
2014-04-09,0.327
2014-04-08,0.327
2014-04-07,0.327
2014-04-04,0.325
2014-04-03,0.319
2014-04-02,0.319
2014-04-01,0.313
2014-03-31,0.313
2014-03-28,0.31
2014-03-27,0.313
2014-03-26,0.315
2014-03-25,0.318
2014-03-24,0.32
2014-03-21,0.315
2014-03-20,0.313
2014-03-19,0.312
2014-03-18,0.309
2014-03-17,0.305
2014-03-14,0.303
2014-03-13,0.304
2014-03-12,0.304
2014-03-11,0.304
2014-03-10,0.307
2014-03-07,0.299
2014-03-06,0.287
2014-03-05,0.286
2014-03-04,0.287
2014-03-03,0.288
2014-02-28,0.286
2014-02-27,0.286
2014-02-26,0.288
2014-02-25,0.289
2014-02-24,0.288
2014-02-21,0.287
2014-02-20,0.286
2014-02-19,0.287
2014-02-18,0.288
2014-02-17,0.287
2014-02-14,0.287
2014-02-13,0.288
2014-02-12,0.291
2014-02-11,0.291
2014-02-10,0.291
2014-02-07,0.291
2014-02-06,0.286
2014-02-05,0.287
2014-02-04,0.288
2014-02-03,0.29
2014-01-31,0.296
2014-01-30,0.298
2014-01-29,0.3
2014-01-28,0.301
2014-01-27,0.3
2014-01-24,0.3
2014-01-23,0.3
2014-01-22,0.301
2014-01-21,0.302
2014-01-20,0.302
2014-01-17,0.302
2014-01-16,0.3
2014-01-15,0.29
2014-01-14,0.282
2014-01-13,0.282
2014-01-10,0.282
2014-01-09,0.282
2014-01-08,0.281
2014-01-07,0.28
2014-01-06,0.28
2014-01-03,0.28
2014-01-02,0.284
2013-12-31,0.287
2013-12-30,0.288
2013-12-27,0.293
2013-12-24,0.294
2013-12-23,0.294
2013-12-20,0.292
2013-12-19,0.293
2013-12-18,0.298
2013-12-17,0.298
2013-12-16,0.29
2013-12-13,0.282
2013-12-12,0.277
2013-12-11,0.267
2013-12-10,0.26
2013-12-09,0.255
2013-12-06,0.248
2013-12-05,0.24
2013-12-04,0.239
2013-12-03,0.239
2013-12-02,0.236
2013-11-29,0.234
2013-11-28,0.233
2013-11-27,0.23
2013-11-26,0.23
2013-11-25,0.227
2013-11-22,0.223
2013-11-21,0.217
2013-11-20,0.219
2013-11-19,0.218
2013-11-18,0.218
2013-11-15,0.218
2013-11-14,0.217
2013-11-13,0.218
2013-11-12,0.218
2013-11-11,0.218
2013-11-08,0.217
2013-11-07,0.228
2013-11-06,0.228
2013-11-05,0.227
2013-11-04,0.227
2013-11-01,0.226
2013-10-31,0.23
2013-10-30,0.228
2013-10-29,0.228
2013-10-28,0.229
2013-10-25,0.228
2013-10-24,0.225
2013-10-23,0.222
2013-10-22,0.223
2013-10-21,0.223
2013-10-18,0.224
2013-10-17,0.224
2013-10-16,0.225
2013-10-15,0.225
2013-10-14,0.227
2013-10-11,0.227
2013-10-10,0.227
2013-10-09,0.228
2013-10-08,0.227
2013-10-07,0.225
2013-10-04,0.225
2013-10-03,0.224
2013-10-02,0.225
2013-10-01,0.225
2013-09-30,0.225
2013-09-27,0.224
2013-09-26,0.221
2013-09-25,0.221
2013-09-24,0.221
2013-09-23,0.221
2013-09-20,0.221
2013-09-19,0.221
2013-09-18,0.222
2013-09-17,0.222
2013-09-16,0.223
2013-09-13,0.223
2013-09-12,0.224
2013-09-11,0.224
2013-09-10,0.225
2013-09-09,0.225
2013-09-06,0.225
2013-09-05,0.225
2013-09-04,0.225
2013-09-03,0.225
2013-09-02,0.225
2013-08-30,0.224
2013-08-29,0.225
2013-08-28,0.225
2013-08-27,0.225
2013-08-26,0.225
2013-08-23,0.225
2013-08-22,0.224
2013-08-21,0.224
2013-08-20,0.225
2013-08-19,0.226
2013-08-16,0.226
2013-08-15,0.226
2013-08-14,0.226
2013-08-13,0.225
2013-08-12,0.226
2013-08-09,0.227
2013-08-08,0.227
2013-08-07,0.227
2013-08-06,0.228
2013-08-05,0.227
2013-08-02,0.228
2013-08-01,0.228
2013-07-31,0.228
2013-07-30,0.227
2013-07-29,0.226
2013-07-26,0.226
2013-07-25,0.225
2013-07-24,0.225
2013-07-23,0.224
2013-07-22,0.221
2013-07-19,0.22
2013-07-18,0.22
2013-07-17,0.22
2013-07-16,0.219
2013-07-15,0.219
2013-07-12,0.22
2013-07-11,0.218
2013-07-10,0.217
2013-07-09,0.217
2013-07-08,0.217
2013-07-05,0.217
2013-07-04,0.222
2013-07-03,0.222
2013-07-02,0.221
2013-07-01,0.222
2013-06-28,0.218
2013-06-27,0.219
2013-06-26,0.222
2013-06-25,0.225
2013-06-24,0.221
2013-06-21,0.216
2013-06-20,0.214
2013-06-19,0.212
2013-06-18,0.21
2013-06-17,0.21
2013-06-14,0.209
2013-06-13,0.209
2013-06-12,0.208
2013-06-11,0.205
2013-06-10,0.204
2013-06-07,0.203
2013-06-06,0.2
2013-06-05,0.2
2013-06-04,0.2
2013-06-03,0.2
2013-05-31,0.2
2013-05-30,0.2
2013-05-29,0.2
2013-05-28,0.199
2013-05-27,0.201
2013-05-24,0.2
2013-05-23,0.199
2013-05-22,0.199
2013-05-21,0.198
2013-05-20,0.199
2013-05-17,0.2
2013-05-16,0.202
2013-05-15,0.203
2013-05-14,0.203
2013-05-13,0.203
2013-05-10,0.203
2013-05-09,0.203
2013-05-08,0.203
2013-05-07,0.202
2013-05-06,0.202
2013-05-03,0.201
2013-05-02,0.207
2013-04-30,0.207
2013-04-29,0.207
2013-04-26,0.207
2013-04-25,0.206
2013-04-24,0.206
2013-04-23,0.207
2013-04-22,0.208
2013-04-19,0.208
2013-04-18,0.208
2013-04-17,0.21
2013-04-16,0.21
2013-04-15,0.21
2013-04-12,0.21
2013-04-11,0.211
2013-04-10,0.211
2013-04-09,0.211
2013-04-08,0.21
2013-04-05,0.21
2013-04-04,0.21
2013-04-03,0.21
2013-04-02,0.21
2013-03-28,0.211
2013-03-27,0.212
2013-03-26,0.213
2013-03-25,0.214
2013-03-22,0.215
2013-03-21,0.211
2013-03-20,0.21
2013-03-19,0.207
2013-03-18,0.206
2013-03-15,0.204
2013-03-14,0.204
2013-03-13,0.203
2013-03-12,0.201
2013-03-11,0.201
2013-03-08,0.201
2013-03-07,0.2
2013-03-06,0.2
2013-03-05,0.2
2013-03-04,0.202
2013-03-01,0.206
2013-02-28,0.209
2013-02-27,0.21
2013-02-26,0.21
2013-02-25,0.213
2013-02-22,0.218
2013-02-21,0.22
2013-02-20,0.221
2013-02-19,0.221
2013-02-18,0.223
2013-02-15,0.225
2013-02-14,0.226
2013-02-13,0.226
2013-02-12,0.226
2013-02-11,0.227
2013-02-08,0.227
2013-02-07,0.232
2013-02-06,0.233
2013-02-05,0.233
2013-02-04,0.233
2013-02-01,0.234
2013-01-31,0.232
2013-01-30,0.23
2013-01-29,0.226
2013-01-28,0.224
2013-01-25,0.214
2013-01-24,0.211
2013-01-23,0.209
2013-01-22,0.209
2013-01-21,0.209
2013-01-18,0.209
2013-01-17,0.204
2013-01-16,0.201
2013-01-15,0.202
2013-01-14,0.199
2013-01-11,0.195
2013-01-10,0.19
2013-01-09,0.192
2013-01-08,0.192
2013-01-07,0.192
2013-01-04,0.191
2013-01-03,0.189
2013-01-02,0.188
2012-12-31,0.187
2012-12-28,0.186
2012-12-27,0.185
2012-12-24,0.186
2012-12-21,0.184
2012-12-20,0.183
2012-12-19,0.183
2012-12-18,0.184
2012-12-17,0.184
2012-12-14,0.184
2012-12-13,0.183
2012-12-12,0.183
2012-12-11,0.181
2012-12-10,0.183
2012-12-07,0.187
2012-12-06,0.19
2012-12-05,0.19
2012-12-04,0.191
2012-12-03,0.19
2012-11-30,0.191
2012-11-29,0.19
2012-11-28,0.188
2012-11-27,0.189
2012-11-26,0.189
2012-11-23,0.19
2012-11-22,0.19
2012-11-21,0.19
2012-11-20,0.19
2012-11-19,0.191
2012-11-16,0.191
2012-11-15,0.191
2012-11-14,0.191
2012-11-13,0.192
2012-11-12,0.192
2012-11-09,0.193
2012-11-08,0.194
2012-11-07,0.196
2012-11-06,0.196
2012-11-05,0.196
2012-11-02,0.197
2012-11-01,0.197
2012-10-31,0.197
2012-10-30,0.198
2012-10-29,0.196
2012-10-26,0.199
2012-10-25,0.201
2012-10-24,0.202
2012-10-23,0.203
2012-10-22,0.204
2012-10-19,0.204
2012-10-18,0.205
2012-10-17,0.207
2012-10-16,0.208
2012-10-15,0.209
2012-10-12,0.21
2012-10-11,0.21
2012-10-10,0.211
2012-10-09,0.212
2012-10-08,0.214
2012-10-05,0.215
2012-10-04,0.216
2012-10-03,0.218
2012-10-02,0.22
2012-10-01,0.223
2012-09-28,0.22
2012-09-27,0.221
2012-09-26,0.222
2012-09-25,0.222
2012-09-24,0.225
2012-09-21,0.228
2012-09-20,0.233
2012-09-19,0.238
2012-09-18,0.244
2012-09-17,0.248
2012-09-14,0.25
2012-09-13,0.252
2012-09-12,0.255
2012-09-11,0.258
2012-09-10,0.261
2012-09-07,0.265
2012-09-06,0.266
2012-09-05,0.269
2012-09-04,0.273
2012-09-03,0.276
2012-08-31,0.278
2012-08-30,0.283
2012-08-29,0.288
2012-08-28,0.29
2012-08-27,0.293
2012-08-24,0.295
2012-08-23,0.303
2012-08-22,0.31
2012-08-21,0.318
2012-08-20,0.325
2012-08-17,0.334
2012-08-16,0.339
2012-08-15,0.341
2012-08-14,0.345
2012-08-13,0.349
2012-08-10,0.353
2012-08-09,0.36
2012-08-08,0.366
2012-08-07,0.37
2012-08-06,0.374
2012-08-03,0.375
2012-08-02,0.375
2012-08-01,0.381
2012-07-31,0.389
2012-07-30,0.401
2012-07-27,0.415
2012-07-26,0.422
2012-07-25,0.427
2012-07-24,0.435
2012-07-23,0.442
2012-07-20,0.451
2012-07-19,0.458
2012-07-18,0.464
2012-07-17,0.47
2012-07-16,0.477
2012-07-13,0.486
2012-07-12,0.497
2012-07-11,0.512
2012-07-10,0.521
2012-07-09,0.531
2012-07-06,0.549
2012-07-05,0.641
2012-07-04,0.645
2012-07-03,0.65
2012-07-02,0.652
2012-06-29,0.653
2012-06-28,0.653
2012-06-27,0.652
2012-06-26,0.653
2012-06-25,0.653
2012-06-22,0.654
2012-06-21,0.655
2012-06-20,0.657
2012-06-19,0.657
2012-06-18,0.659
2012-06-15,0.662
2012-06-14,0.663
2012-06-13,0.662
2012-06-12,0.661
2012-06-11,0.661
2012-06-08,0.663
2012-06-07,0.663
2012-06-06,0.663
2012-06-05,0.663
2012-06-04,0.664
2012-06-01,0.665
2012-05-31,0.668
2012-05-30,0.671
2012-05-29,0.673
2012-05-28,0.673
2012-05-25,0.675
2012-05-24,0.677
2012-05-23,0.68
2012-05-22,0.681
2012-05-21,0.682
2012-05-18,0.684
2012-05-17,0.686
2012-05-16,0.685
2012-05-15,0.687
2012-05-14,0.689
2012-05-11,0.69
2012-05-10,0.69
2012-05-09,0.691
2012-05-08,0.692
2012-05-07,0.693
2012-05-04,0.697
2012-05-03,0.7
2012-05-02,0.704
2012-04-30,0.708
2012-04-27,0.715
2012-04-26,0.72
2012-04-25,0.724
2012-04-24,0.727
2012-04-23,0.731
2012-04-20,0.734
2012-04-19,0.737
2012-04-18,0.741
2012-04-17,0.746
2012-04-16,0.75
2012-04-13,0.753
2012-04-12,0.757
2012-04-11,0.76
2012-04-10,0.764
2012-04-05,0.766
2012-04-04,0.768
2012-04-03,0.77
2012-04-02,0.771
2012-03-30,0.777
2012-03-29,0.783
2012-03-28,0.787
2012-03-27,0.794
2012-03-26,0.8
2012-03-23,0.808
2012-03-22,0.817
2012-03-21,0.824
2012-03-20,0.832
2012-03-19,0.842
2012-03-16,0.853
2012-03-15,0.862
2012-03-14,0.871
2012-03-13,0.876
2012-03-12,0.884
2012-03-09,0.894
2012-03-08,0.902
2012-03-07,0.911
2012-03-06,0.92
2012-03-05,0.934
2012-03-02,0.948
2012-03-01,0.967
2012-02-29,0.983
2012-02-28,0.991
2012-02-27,0.997
2012-02-24,1.006
2012-02-23,1.014
2012-02-22,1.021
2012-02-21,1.026
2012-02-20,1.031
2012-02-17,1.036
2012-02-16,1.041
2012-02-15,1.045
2012-02-14,1.051
2012-02-13,1.057
2012-02-10,1.063
2012-02-09,1.07
2012-02-08,1.077
2012-02-07,1.086
2012-02-06,1.094
2012-02-03,1.102
2012-02-02,1.108
2012-02-01,1.115
2012-01-31,1.125
2012-01-30,1.131
2012-01-27,1.138
2012-01-26,1.142
2012-01-25,1.149
2012-01-24,1.158
2012-01-23,1.168
2012-01-20,1.182
2012-01-19,1.195
2012-01-18,1.204
2012-01-17,1.213
2012-01-16,1.222
2012-01-13,1.231
2012-01-12,1.245
2012-01-11,1.257
2012-01-10,1.267
2012-01-09,1.276
2012-01-06,1.288
2012-01-05,1.303
2012-01-04,1.319
2012-01-03,1.333
2012-01-02,1.343
2011-12-30,1.356
2011-12-29,1.369
2011-12-28,1.387
2011-12-27,1.396
2011-12-23,1.404
2011-12-22,1.41
2011-12-21,1.416
2011-12-20,1.418
2011-12-19,1.418
2011-12-16,1.417
2011-12-15,1.419
2011-12-14,1.423
2011-12-13,1.426
2011-12-12,1.43
2011-12-09,1.437
2011-12-08,1.47
2011-12-07,1.472
2011-12-06,1.472
2011-12-05,1.47
2011-12-02,1.469
2011-12-01,1.469
2011-11-30,1.473
2011-11-29,1.477
2011-11-28,1.477
2011-11-25,1.475
2011-11-24,1.474
2011-11-23,1.471
2011-11-22,1.467
2011-11-21,1.467
2011-11-18,1.465
2011-11-17,1.46
2011-11-16,1.458
2011-11-15,1.457
2011-11-14,1.459
2011-11-11,1.462
2011-11-10,1.464
2011-11-09,1.47
2011-11-08,1.474
2011-11-07,1.476
2011-11-04,1.488
2011-11-03,1.58
2011-11-02,1.584
2011-11-01,1.585
2011-10-31,1.591
2011-10-28,1.592
2011-10-27,1.59
2011-10-26,1.588
2011-10-25,1.588
2011-10-24,1.588
2011-10-21,1.585
2011-10-20,1.584
2011-10-19,1.582
2011-10-18,1.579
2011-10-17,1.578
2011-10-14,1.574
2011-10-13,1.572
2011-10-12,1.571
2011-10-11,1.57
2011-10-10,1.567
2011-10-07,1.566
2011-10-06,1.556
2011-10-05,1.558
2011-10-04,1.557
2011-10-03,1.557
2011-09-30,1.554
2011-09-29,1.55
2011-09-28,1.544
2011-09-27,1.537
2011-09-26,1.535
2011-09-23,1.537
2011-09-22,1.536
2011-09-21,1.537
2011-09-20,1.537
2011-09-19,1.536
2011-09-16,1.535
2011-09-15,1.531
2011-09-14,1.529
2011-09-13,1.528
2011-09-12,1.527
2011-09-09,1.53
2011-09-08,1.532
2011-09-07,1.532
2011-09-06,1.534
2011-09-05,1.537
2011-09-02,1.541
2011-09-01,1.543
2011-08-31,1.542
2011-08-30,1.54
2011-08-29,1.54
2011-08-26,1.54
2011-08-25,1.539
2011-08-24,1.539
2011-08-23,1.536
2011-08-22,1.534
2011-08-19,1.533
2011-08-18,1.535
2011-08-17,1.535
2011-08-16,1.536
2011-08-15,1.538
2011-08-12,1.535
2011-08-11,1.535
2011-08-10,1.545
2011-08-09,1.555
2011-08-08,1.56
2011-08-05,1.564
2011-08-04,1.602
2011-08-03,1.601
2011-08-02,1.605
2011-08-01,1.609
2011-07-29,1.609
2011-07-28,1.61
2011-07-27,1.612
2011-07-26,1.615
2011-07-25,1.613
2011-07-22,1.611
2011-07-21,1.608
2011-07-20,1.604
2011-07-19,1.609
2011-07-18,1.608
2011-07-15,1.608
2011-07-14,1.606
2011-07-13,1.605
2011-07-12,1.599
2011-07-11,1.601
2011-07-08,1.593
2011-07-07,1.583
2011-07-06,1.569
2011-07-05,1.568
2011-07-04,1.563
2011-07-01,1.556
2011-06-30,1.547
2011-06-29,1.537
2011-06-28,1.531
2011-06-27,1.524
2011-06-24,1.528
2011-06-23,1.526
2011-06-22,1.526
2011-06-21,1.52
2011-06-20,1.51
2011-06-17,1.502
2011-06-16,1.494
2011-06-15,1.485
2011-06-14,1.477
2011-06-13,1.471
2011-06-10,1.469
2011-06-09,1.464
2011-06-08,1.452
2011-06-07,1.443
2011-06-06,1.438
2011-06-03,1.436
2011-06-02,1.435
2011-06-01,1.434
2011-05-31,1.433
2011-05-30,1.43
2011-05-27,1.43
2011-05-26,1.433
2011-05-25,1.435
2011-05-24,1.434
2011-05-23,1.434
2011-05-20,1.435
2011-05-19,1.434
2011-05-18,1.431
2011-05-17,1.428
2011-05-16,1.426
2011-05-13,1.425
2011-05-12,1.42
2011-05-11,1.42
2011-05-10,1.426
2011-05-09,1.423
2011-05-06,1.419
2011-05-05,1.424
2011-05-04,1.415
2011-05-03,1.402
2011-05-02,1.395
2011-04-29,1.385
2011-04-28,1.375
2011-04-27,1.365
2011-04-26,1.361
2011-04-21,1.356
2011-04-20,1.349
2011-04-19,1.343
2011-04-18,1.338
2011-04-15,1.332
2011-04-14,1.332
2011-04-13,1.327
2011-04-12,1.32
2011-04-11,1.311
2011-04-08,1.294
2011-04-07,1.28
2011-04-06,1.269
2011-04-05,1.262
2011-04-04,1.255
2011-04-01,1.249
2011-03-31,1.239
2011-03-30,1.231
2011-03-29,1.219
2011-03-28,1.21
2011-03-25,1.203
2011-03-24,1.197
2011-03-23,1.191
2011-03-22,1.185
2011-03-21,1.179
2011-03-18,1.172
2011-03-17,1.17
2011-03-16,1.17
2011-03-15,1.167
2011-03-14,1.174
2011-03-11,1.173
2011-03-10,1.175
2011-03-09,1.179
2011-03-08,1.18
2011-03-07,1.172
2011-03-04,1.162
2011-03-03,1.098
2011-03-02,1.095
2011-03-01,1.096
2011-02-28,1.094
2011-02-25,1.092
2011-02-24,1.088
2011-02-23,1.087
2011-02-22,1.082
2011-02-21,1.079
2011-02-18,1.078
2011-02-17,1.086
2011-02-16,1.089
2011-02-15,1.09
2011-02-14,1.091
2011-02-11,1.093
2011-02-10,1.094
2011-02-09,1.089
2011-02-08,1.079
2011-02-07,1.084
2011-02-04,1.088
2011-02-03,1.087
2011-02-02,1.083
2011-02-01,1.082
2011-01-31,1.074
2011-01-28,1.063
2011-01-27,1.057
2011-01-26,1.051
2011-01-25,1.031
2011-01-24,1.029
2011-01-21,1.025
2011-01-20,1.016
2011-01-19,1.014
2011-01-18,1.012
2011-01-17,1.009
2011-01-14,1.006
2011-01-13,0.998
2011-01-12,0.995
2011-01-11,0.995
2011-01-10,0.995
2011-01-07,0.997
2011-01-06,0.997
2011-01-05,0.998
2011-01-04,0.999
2011-01-03,1.001
2010-12-31,1.006
2010-12-30,1.01
2010-12-29,1.013
2010-12-28,1.014
2010-12-27,1.014
2010-12-24,1.014
2010-12-23,1.015
2010-12-22,1.021
2010-12-21,1.022
2010-12-20,1.022
2010-12-17,1.023
2010-12-16,1.024
2010-12-15,1.025
2010-12-14,1.026
2010-12-13,1.026
2010-12-10,1.028
2010-12-09,1.029
2010-12-08,1.029
2010-12-07,1.029
2010-12-06,1.028
2010-12-03,1.027
2010-12-02,1.027
2010-12-01,1.026
2010-11-30,1.028
2010-11-29,1.027
2010-11-26,1.028
2010-11-25,1.031
2010-11-24,1.03
2010-11-23,1.035
2010-11-22,1.039
2010-11-19,1.04
2010-11-18,1.041
2010-11-17,1.044
2010-11-16,1.046
2010-11-15,1.048
2010-11-12,1.049
2010-11-11,1.05
2010-11-10,1.048
2010-11-09,1.049
2010-11-08,1.05
2010-11-05,1.05
2010-11-04,1.05
2010-11-03,1.049
2010-11-02,1.047
2010-11-01,1.046
2010-10-29,1.045
2010-10-28,1.045
2010-10-27,1.043
2010-10-26,1.037
2010-10-25,1.032
2010-10-22,1.029
2010-10-21,1.025
2010-10-20,1.016
2010-10-19,1.008
2010-10-18,1.0
2010-10-15,0.993
2010-10-14,0.987
2010-10-13,0.985
2010-10-12,0.982
2010-10-11,0.977
2010-10-08,0.972
2010-10-07,0.965
2010-10-06,0.959
2010-10-05,0.956
2010-10-04,0.953
2010-10-01,0.942
2010-09-30,0.892
2010-09-29,0.886
2010-09-28,0.88
2010-09-27,0.879
2010-09-24,0.879
2010-09-23,0.878
2010-09-22,0.879
2010-09-21,0.879
2010-09-20,0.876
2010-09-17,0.879
2010-09-16,0.879
2010-09-15,0.876
2010-09-14,0.877
2010-09-13,0.879
2010-09-10,0.878
2010-09-09,0.879
2010-09-08,0.88
2010-09-07,0.881
2010-09-06,0.882
2010-09-03,0.883
2010-09-02,0.884
2010-09-01,0.886
2010-08-31,0.886
2010-08-30,0.888
2010-08-27,0.888
2010-08-26,0.889
2010-08-25,0.89
2010-08-24,0.889
2010-08-23,0.891
2010-08-20,0.89
2010-08-19,0.891
2010-08-18,0.894
2010-08-17,0.895
2010-08-16,0.896
2010-08-13,0.898
2010-08-12,0.899
2010-08-11,0.903
2010-08-10,0.904
2010-08-09,0.904
2010-08-06,0.905
2010-08-05,0.904
2010-08-04,0.9
2010-08-03,0.899
2010-08-02,0.898
2010-07-30,0.896
2010-07-29,0.899
2010-07-28,0.896
2010-07-27,0.893
2010-07-26,0.889
2010-07-23,0.885
2010-07-22,0.884
2010-07-21,0.881
2010-07-20,0.876
2010-07-19,0.87
2010-07-16,0.861
2010-07-15,0.846
2010-07-14,0.84
2010-07-13,0.835
2010-07-12,0.827
2010-07-09,0.822
2010-07-08,0.81
2010-07-07,0.802
2010-07-06,0.797
2010-07-05,0.793
2010-07-02,0.79
2010-07-01,0.782
2010-06-30,0.767
2010-06-29,0.761
2010-06-28,0.754
2010-06-25,0.748
2010-06-24,0.742
2010-06-23,0.739
2010-06-22,0.737
2010-06-21,0.733
2010-06-18,0.732
2010-06-17,0.729
2010-06-16,0.727
2010-06-15,0.723
2010-06-14,0.72
2010-06-11,0.719
2010-06-10,0.718
2010-06-09,0.715
2010-06-08,0.713
2010-06-07,0.711
2010-06-04,0.707
2010-06-03,0.706
2010-06-02,0.704
2010-06-01,0.702
2010-05-31,0.701
2010-05-28,0.699
2010-05-27,0.699
2010-05-26,0.697
2010-05-25,0.697
2010-05-24,0.697
2010-05-21,0.695
2010-05-20,0.692
2010-05-19,0.69
2010-05-18,0.688
2010-05-17,0.685
2010-05-14,0.684
2010-05-13,0.683
2010-05-12,0.682
2010-05-11,0.682
2010-05-10,0.682
2010-05-07,0.682
2010-05-06,0.677
2010-05-05,0.672
2010-05-04,0.668
2010-05-03,0.665
2010-04-30,0.663
2010-04-29,0.659
2010-04-28,0.654
2010-04-27,0.646
2010-04-26,0.645
2010-04-23,0.645
2010-04-22,0.644
2010-04-21,0.642
2010-04-20,0.642
2010-04-19,0.643
2010-04-16,0.644
2010-04-15,0.644
2010-04-14,0.644
2010-04-13,0.644
2010-04-12,0.642
2010-04-09,0.641
2010-04-08,0.64
2010-04-07,0.639
2010-04-06,0.638
2010-04-01,0.635
2010-03-31,0.634
2010-03-30,0.635
2010-03-29,0.635
2010-03-26,0.636
2010-03-25,0.635
2010-03-24,0.636
2010-03-23,0.637
2010-03-22,0.639
2010-03-19,0.642
2010-03-18,0.643
2010-03-17,0.644
2010-03-16,0.646
2010-03-15,0.646
2010-03-12,0.649
2010-03-11,0.65
2010-03-10,0.651
2010-03-09,0.652
2010-03-08,0.652
2010-03-05,0.653
2010-03-04,0.654
2010-03-03,0.655
2010-03-02,0.655
2010-03-01,0.655
2010-02-26,0.656
2010-02-25,0.658
2010-02-24,0.659
2010-02-23,0.661
2010-02-22,0.661
2010-02-19,0.661
2010-02-18,0.66
2010-02-17,0.662
2010-02-16,0.663
2010-02-15,0.661
2010-02-12,0.663
2010-02-11,0.662
2010-02-10,0.662
2010-02-09,0.661
2010-02-08,0.661
2010-02-05,0.663
2010-02-04,0.665
2010-02-03,0.665
2010-02-02,0.665
2010-02-01,0.665
2010-01-29,0.665
2010-01-28,0.665
2010-01-27,0.665
2010-01-26,0.667
2010-01-25,0.669
2010-01-22,0.67
2010-01-21,0.672
2010-01-20,0.674
2010-01-19,0.675
2010-01-18,0.677
2010-01-15,0.68
2010-01-14,0.682
2010-01-13,0.684
2010-01-12,0.685
2010-01-11,0.689
2010-01-08,0.691
2010-01-07,0.692
2010-01-06,0.694
2010-01-05,0.699
2010-01-04,0.7
